Activity Type,Date,Title,Distance,Calories,Time,Avg HR,Max HR,Avg Run Cadence,Max Run Cadence,Avg Pace,Best Pace,Elev Gain,Elev Loss,Avg Stride Length,Best Lap Time,Number of Laps
Running,7/15/20 9:41,Cherry Hill Running,6,530,0:43:55,141,160,176,182,7:19,6:20,169,173,1.26,00:02.3,7
Running,7/14/20 17:45,Cherry Hill Running,6.5,587,0:47:04,144,160,172,182,7:14,6:35,183,187,1.29,03:32.7,7
Running,7/13/20 18:57,Cherry Hill Running,5.01,392,0:40:29,128,151,170,180,8:05,5:49,124,124,1.17,00:04.1,6
Running,7/12/20 18:44,Cherry Hill Running,7.01,633,0:52:55,142,157,172,180,7:33,5:00,215,219,1.24,00:05.1,8
Running,7/11/20 19:35,Cherry Hill Running,5.19,419,0:41:35,129,143,170,178,8:01,6:48,76,80,1.18,01:27.1,6
Running,7/10/20 17:54,Ocean City Running,6.51,539,0:45:48,140,155,170,176,7:02,5:55,16,16,1.35,03:28.7,7
Running,7/9/20 19:02,Ocean City Running,5.01,448,0:35:11,146,159,172,180,7:02,2:04,7,7,1.33,00:03.4,6
Running,7/8/20 18:13,Ocean City Running,5,458,0:35:29,147,172,172,186,7:06,5:18,20,20,1.32,00:01.8,6
Running,7/6/20 9:43,Ocean City Running,6,542,0:42:31,146,167,174,182,7:05,4:24,25,25,1.3,00:02.6,7
Running,7/5/20 18:08,Ocean City Running,3.11,240,0:25:04,125,144,170,176,8:04,6:22,23,23,1.17,00:50.4,4
Running,7/4/20 7:56,Ocean City Running,5.52,396,0:44:49,125,145,172,182,8:07,7:02,19,19,1.16,03:54.8,6
Running,7/3/20 18:16,Ocean City Running,5,466,0:35:12,149,163,172,182,7:02,5:49,44,44,1.32,00:02.2,6
Running,7/2/20 20:21,Ocean City Running,4.01,325,0:32:16,129,141,168,176,8:03,6:57,39,39,1.19,00:03.5,5
Running,7/1/20 16:29,Cherry Hill Running,5.56,495,0:39:49,146,167,172,184,7:09,5:57,199,204,1.31,04:15.6,6
Running,6/29/20 18:56,Cherry Hill Running,7,670,0:52:45,147,163,170,178,7:32,6:25,233,237,1.25,00:01.7,8
Running,6/28/20 19:21,Cherry Hill Running,5.31,447,0:44:06,133,152,168,178,8:18,7:00,221,217,1.15,02:30.2,6
Running,6/27/20 17:27,Cherry Hill Running,6.38,584,0:49:03,141,160,170,178,7:42,4:08,198,204,1.23,02:57.9,7
Running,6/26/20 18:22,Cherry Hill Running,5,431,0:39:06,136,154,172,180,7:49,7:05,137,139,1.2,00:01.1,6
Running,6/25/20 17:47,Cherry Hill Running,7,639,0:50:05,147,162,172,180,7:09,6:14,205,213,1.32,00:02.8,8
Running,6/24/20 18:13,Cherry Hill Running,6,543,0:47:07,139,160,172,178,7:51,6:38,205,200,1.2,00:00.6,7
Running,6/23/20 18:56,Cherry Hill Running,5.14,504,0:37:47,150,191,170,180,7:21,6:03,138,145,1.28,00:59.1,6
Running,6/21/20 17:40,Chicago Running,6,520,0:41:23,145,157,172,178,6:54,6:07,105,105,1.36,00:00.6,7
Running,6/20/20 8:58,Chicago Running,4.02,328,0:34:04,127,152,172,178,8:29,6:49,47,47,1.11,00:10.2,5
Running,6/18/20 17:47,Cherry Hill Running,5,440,0:39:47,136,152,170,178,7:57,7:07,169,162,1.18,00:01.0,6
Running,6/17/20 18:02,Cherry Hill Running,7.01,625,0:50:04,146,162,170,178,7:09,5:58,200,207,1.33,00:05.0,8
Running,6/16/20 9:50,Ocean City Running,6,576,0:42:33,151,175,172,178,7:05,6:25,49,49,1.32,00:01.4,7
Running,6/15/20 18:07,Ocean City Running,4.12,283,0:33:39,120,136,170,180,8:10,6:34,22,22,1.16,00:55.9,5
Running,6/14/20 10:40,Ocean City Running,7.75,582,1:02:25,130,151,170,182,8:03,3:54,57,57,1.17,05:57.9,8
Running,6/13/20 18:09,Ocean City Running,5,430,0:39:45,135,169,172,178,7:57,1:58,39,39,1.17,00:01.6,6
Running,6/11/20 18:10,Cherry Hill Running,7,616,0:50:54,143,161,172,180,7:16,6:22,220,226,1.29,00:01.0,8
Running,6/10/20 20:28,Cherry Hill Running,5,429,0:40:37,134,153,168,178,8:07,6:55,109,107,1.17,00:01.6,6
Running,6/9/20 17:42,Cherry Hill Running,4.16,373,0:32:08,139,153,170,176,7:43,6:21,102,105,1.23,01:13.7,5
Running,6/8/20 18:00,Cherry Hill Running,8.46,763,1:01:19,147,163,172,178,7:15,6:27,279,283,1.3,03:14.6,9
Running,6/7/20 17:46,Cherry Hill Running,5.13,443,0:38:25,141,163,170,178,7:29,5:06,139,146,1.26,00:59.3,6
Running,6/6/20 18:39,Cherry Hill Running,5,465,0:38:15,145,157,172,182,7:39,5:45,134,136,1.22,07:28.0,5
Running,6/5/20 16:48,Cherry Hill Running,4.77,353,0:38:52,128,164,170,178,8:09,7:20,75,78,1.17,06:03.3,5
Running,6/4/20 18:33,Cherry Hill Running,5,458,0:39:47,142,154,170,178,7:57,6:59,135,131,1.19,00:02.0,6
Running,6/2/20 17:50,Cherry Hill Running,6,558,0:44:23,140,154,170,180,7:24,4:26,150,155,1.28,00:02.0,7
Running,6/1/20 18:10,Cherry Hill Running,6,570,0:42:05,148,177,172,180,7:01,5:56,195,192,1.33,06:22.7,6
Running,5/31/20 19:25,Cherry Hill Running,4,358,0:29:02,140,150,172,178,7:16,6:20,108,114,1.29,07:06.8,4
Running,5/30/20 18:49,Ocean City Running,6,571,0:48:04,138,151,170,178,8:01,5:25,49,49,1.18,00:02.9,7
Running,5/29/20 18:32,Ocean City Running,6,466,0:48:03,126,159,170,180,8:00,6:24,34,34,1.19,00:01.9,7
Running,5/27/20 17:55,Cherry Hill Running,5,506,0:36:25,155,165,176,182,7:17,6:29,133,138,1.26,07:00.5,5
Running,5/26/20 17:26,Cherry Hill Running,6,610,0:42:22,158,175,174,184,7:04,0:33,180,183,1.31,06:53.4,6
Running,5/25/20 15:09,Cherry Hill Running,6,592,0:43:20,149,173,174,182,7:13,6:19,178,185,1.28,00:01.4,7
Running,5/24/20 15:25,Cherry Hill Running,3.91,375,0:29:06,142,158,174,180,7:27,6:38,116,122,1.25,06:38.9,4
Running,5/23/20 17:03,Cherry Hill Running,3.57,296,0:25:37,132,142,174,180,7:10,5:33,96,101,1.29,03:21.5,4
Running,5/22/20 17:49,Cherry Hill Running,5.3,498,0:40:47,140,158,174,180,7:42,6:45,146,150,1.2,02:16.7,6
Running,5/21/20 17:19,Cherry Hill Running,6,609,0:45:27,149,161,172,180,7:35,6:24,183,185,1.23,07:29.0,6
Running,5/19/20 17:42,Cherry Hill Running,6,561,0:44:03,143,150,172,180,7:20,6:11,189,193,1.27,00:01.1,7
Running,5/18/20 18:07,Cherry Hill Running,3,274,0:23:55,135,148,172,180,7:58,7:04,87,82,1.18,00:01.6,4
Running,5/17/20 17:11,Cherry Hill Running,6.22,584,0:45:48,147,160,168,176,7:22,6:28,191,192,1.29,01:41.2,7
Running,5/15/20 17:06,Cherry Hill Running,2.59,256,0:20:56,142,158,170,178,8:05,6:54,92,95,1.16,05:16.2,3
Running,5/14/20 17:11,Cherry Hill Running,6.15,602,0:47:36,146,166,170,176,7:44,7:00,208,213,1.23,01:11.7,7
Running,5/12/20 16:54,Cherry Hill Running,5.01,477,0:37:45,146,158,170,180,7:32,6:50,142,134,1.25,00:05.3,6
Running,5/11/20 17:10,Cherry Hill Running,6.08,629,0:45:50,155,161,170,178,7:32,6:18,189,195,1.26,00:40.9,7
Running,5/10/20 18:25,Cherry Hill Running,4,396,0:30:22,148,159,170,198,7:35,6:51,144,148,1.24,00:01.8,5
Running,5/8/20 17:39,Cherry Hill Running,3.1,315,0:24:32,145,155,174,178,7:55,7:18,76,84,1.17,00:48.8,4
Running,5/7/20 17:00,Cherry Hill Running,5.5,525,0:38:52,153,173,170,178,7:04,6:31,182,186,1.33,03:30.7,6
Running,5/5/20 17:37,Cherry Hill Running,5,471,0:36:45,146,157,170,178,7:21,6:37,130,133,1.28,00:00.6,6
Running,5/4/20 16:55,Cherry Hill Running,5.01,516,0:37:57,152,161,170,178,7:35,6:59,148,152,1.26,00:03.2,6
Running,5/1/20 15:03,Cherry Hill Running,5.35,534,0:39:23,151,169,170,178,7:21,6:38,137,143,1.28,02:34.1,6
Running,4/29/20 16:59,Cherry Hill Running,5.43,523,0:40:40,146,172,170,176,7:29,6:25,133,136,1.26,03:12.6,6
Running,4/28/20 17:03,Cherry Hill Running,5,492,0:37:39,147,160,168,176,7:32,6:48,164,167,1.26,00:01.8,6
Running,4/27/20 16:43,Cherry Hill Running,5.01,414,0:36:32,136,166,170,180,7:18,6:30,144,149,1.3,00:08.1,6
Running,4/25/20 17:25,Cherry Hill Running,7,718,0:52:52,154,181,170,178,7:33,4:58,269,261,1.26,00:02.7,8
Running,4/23/20 16:38,Cherry Hill Running,4,372,0:30:22,139,160,168,176,7:36,6:45,118,124,1.26,07:23.3,4
Running,4/21/20 17:10,Cherry Hill Running,4.12,391,0:31:25,142,161,170,176,7:37,6:07,171,177,1.24,00:55.2,5
Running,4/20/20 17:46,Cherry Hill Running,6,614,0:44:42,151,166,170,176,7:27,6:40,214,208,1.27,00:01.8,7
Running,4/19/20 16:48,Cherry Hill Running,3.19,317,0:24:30,143,152,170,176,7:42,6:29,93,98,1.23,01:29.2,4
Running,4/17/20 17:20,Cherry Hill Running,3.02,294,0:22:16,145,157,172,178,7:23,6:25,113,106,1.27,00:06.9,4
Running,4/16/20 17:34,Cherry Hill Running,4.33,377,0:30:44,141,151,172,188,7:06,5:26,146,150,1.31,02:05.7,5
Running,4/15/20 14:58,Cherry Hill Running,3.04,289,0:22:59,144,168,170,176,7:33,6:40,97,103,1.26,00:19.8,4
Running,4/14/20 17:22,Cherry Hill Running,5.09,489,0:36:46,155,173,170,178,7:14,5:13,135,139,1.32,00:30.8,6
Running,4/12/20 11:02,Cherry Hill Running,6.01,608,0:46:31,152,170,168,174,7:45,6:48,191,186,1.24,00:02.6,7
Running,4/10/20 16:56,Cherry Hill Running,3.01,284,0:23:14,143,152,170,180,7:44,5:50,112,118,1.23,00:02.9,4
Running,4/9/20 18:01,Cherry Hill Running,3.3,306,0:25:19,144,158,172,180,7:41,6:25,100,107,1.22,02:13.6,4
Running,4/8/20 16:18,Cherry Hill Running,4,409,0:31:37,151,162,170,178,7:54,7:04,132,135,1.2,00:01.4,5
Running,4/7/20 17:30,Cherry Hill Running,4.42,437,0:33:54,151,162,168,174,7:40,4:01,188,173,1.25,03:20.0,5
Running,4/4/20 16:27,Cherry Hill Running,5.42,540,0:42:58,148,173,170,178,7:56,5:36,174,181,1.19,03:06.1,6
Running,4/2/20 16:13,Cherry Hill Running,3.7,319,0:28:10,137,148,170,176,7:37,6:23,81,88,1.25,05:17.2,4
Running,4/1/20 16:44,Cherry Hill Running,4.28,400,0:32:46,148,175,168,174,7:40,6:28,106,111,1.25,02:07.2,5
Running,3/31/20 17:22,Cherry Hill Running,4.8,496,0:39:06,152,161,170,180,8:09,7:02,146,150,1.17,06:38.3,5
Running,3/29/20 16:27,Cherry Hill Running,4,383,0:29:25,157,183,170,176,7:21,6:18,143,149,1.29,00:02.0,5
Running,3/27/20 15:46,Cherry Hill Running,3.02,285,0:22:18,156,168,170,176,7:24,6:25,86,91,1.28,00:06.2,4
Running,3/26/20 16:47,Cherry Hill Running,4.63,464,0:36:24,156,175,168,176,7:51,6:49,149,155,1.22,04:38.0,5
Running,3/25/20 17:08,Cherry Hill Running,2.02,189,0:15:41,146,153,170,180,7:47,6:21,89,79,1.22,00:06.9,3
Running,3/24/20 18:07,Cherry Hill Running,3.1,316,0:23:49,161,176,168,174,7:41,6:30,79,85,1.25,00:49.6,4
Running,3/22/20 17:26,Cherry Hill Running,3.03,316,0:23:24,160,169,168,176,7:43,7:01,79,85,1.24,00:15.3,4
Running,3/20/20 16:02,Cherry Hill Running,2,208,0:15:45,155,162,170,176,7:52,7:19,46,52,1.21,00:01.4,3
Running,3/19/20 16:58,Cherry Hill Running,3.5,365,0:26:33,159,176,168,176,7:36,6:43,101,101,1.26,03:57.3,4
Running,3/18/20 17:11,Cherry Hill Running,1.2,58,09:18.1,102,140,170,178,7:46,5:43,19,3,1.21,01:38.3,2
Running,2/22/20 10:19,Chicago Running,4,379,0:29:14,151,174,170,176,7:18,4:52,60,59,1.29,00:01.7,5
Running,1/30/20 12:34,Chicago Running,3,285,0:22:06,150,164,172,178,7:22,2:24,54,52,1.27,07:13.7,3
Running,11/16/19 11:26,Chicago Running,3.1,281,0:21:53,149,157,174,180,7:04,5:22,46,46,1.32,00:42.1,4
Running,11/3/19 15:38,Chicago Running,5.58,581,0:43:26,154,164,170,178,7:47,6:29,77,82,1.22,04:35.4,6
Running,11/2/19 11:25,Chicago Running,5,530,0:39:57,151,187,172,180,8:00,4:13,67,68,1.17,07:54.3,5
Running,10/24/19 17:04,Chicago Running,3.18,344,0:24:12,157,165,172,180,7:36,1:31,31,30,1.23,01:23.8,4
Running,10/19/19 9:52,Chicago Running,4.3,417,0:36:54,134,151,170,180,8:35,5:54,46,46,1.11,02:37.5,5
Running,10/7/19 10:37,Chicago Running,4.03,388,0:28:24,152,166,174,182,7:03,4:32,51,52,1.32,00:12.3,5
Running,10/6/19 12:33,Chicago Running,3.1,305,0:23:00,147,160,174,182,7:25,6:14,48,55,1.25,00:44.9,4
Running,10/3/19 17:04,Chicago Running,2.52,220,0:17:04,146,179,172,182,6:47,5:13,17,20,1.38,03:53.4,3
Running,10/1/19 16:46,Chicago Running,4,400,0:28:50,152,166,172,180,7:13,4:57,45,45,1.29,07:05.1,4
Running,9/30/19 12:26,Chicago Running,2.5,227,0:17:34,143,150,176,182,7:02,5:56,21,28,1.3,03:31.9,3
Running,9/28/19 17:31,Chicago Running,4.01,371,0:27:07,153,166,174,182,6:46,2:52,40,40,1.36,00:03.1,5
Running,9/26/19 9:12,Chicago Running,4.01,379,0:28:33,149,163,176,184,7:08,6:28,49,53,1.29,00:02.1,5
Running,9/24/19 18:16,Chicago Running,5.01,479,0:35:14,152,163,174,184,7:02,5:24,64,66,1.31,00:02.1,6
Running,9/23/19 8:39,Chicago Running,3.02,284,0:21:06,151,163,178,184,6:59,4:20,45,48,1.3,00:08.1,4
Running,9/20/19 17:08,Cherry Hill Running,3,293,0:22:54,142,156,176,184,7:38,6:57,101,106,1.2,00:02.1,4
Running,9/19/19 18:13,Cherry Hill Running,3.22,279,0:22:05,142,156,174,180,6:52,3:19,43,47,1.34,01:30.7,4
Running,9/18/19 17:05,Cherry Hill Running,5.01,456,0:35:33,147,161,174,182,7:06,6:28,192,182,1.31,00:04.2,6
Running,9/17/19 17:47,Cherry Hill Running,5,475,0:36:00,152,168,174,182,7:12,6:20,138,142,1.28,00:00.6,6
Running,9/16/19 17:57,Cherry Hill Running,5.01,479,0:37:20,149,163,174,180,7:28,6:08,163,156,1.25,00:02.1,6
Running,9/15/19 17:08,Cherry Hill Running,4,388,0:29:32,152,176,172,198,7:23,4:32,124,127,1.27,00:02.1,5
Running,9/14/19 17:10,Cherry Hill Running,3.5,345,0:25:47,152,173,174,180,7:22,6:31,117,109,1.26,03:40.1,4
Running,9/13/19 15:59,Cherry Hill Running,4,386,0:28:56,153,168,172,180,7:14,6:30,100,104,1.3,00:01.6,5
Running,9/11/19 17:49,Cherry Hill Running,3.49,334,0:26:20,152,171,172,178,7:32,6:29,107,108,1.25,03:41.5,4
Running,9/10/19 18:26,Cherry Hill Running,4,376,0:28:31,156,175,170,178,7:07,6:07,123,119,1.33,00:01.8,5
Running,9/9/19 17:24,Cherry Hill Running,5,452,0:36:25,149,173,170,180,7:17,4:07,179,187,1.31,00:01.3,6
Running,9/8/19 19:16,Cherry Hill Running,4,356,0:29:10,145,156,170,178,7:17,5:57,136,129,1.29,00:01.8,5
Running,9/5/19 17:55,Cherry Hill Running,4,371,0:29:53,148,165,172,180,7:28,5:47,152,143,1.26,00:01.4,5
Running,8/30/19 11:05,Cherry Hill Running,2.04,190,0:15:09,149,162,174,180,7:26,6:41,63,68,1.25,00:18.7,3
Running,8/28/19 17:49,Ocean City Running,4.5,455,0:35:56,148,166,168,174,7:59,6:23,13,13,1.2,03:58.5,5
Running,8/24/19 19:48,Cherry Hill Running,0.78,63,05:57.7,129,150,170,212,7:41,3:59,7,7,1.23,00:00.0,1
Running,8/24/19 19:27,Cherry Hill Running,0.74,74,07:51.0,121,128,162,168,10:35,8:37,12,12,0.94,00:00.0,1
Running,8/19/19 8:36,Cherry Hill Running,2.45,226,0:19:55,136,165,170,176,8:07,1:44,29,59,1.17,03:29.1,3
Running,8/16/19 17:24,Cherry Hill Running,4.01,355,0:27:12,154,174,174,180,6:47,5:21,128,133,1.37,00:01.8,5
Running,8/14/19 19:23,Voorhees Running,4,371,0:28:46,151,173,172,180,7:11,6:17,110,109,1.3,00:01.3,5
Running,8/13/19 21:05,Cherry Hill Running,3,261,0:23:18,136,151,170,178,7:46,6:36,107,112,1.22,00:00.9,4
Running,8/12/19 19:15,Pennsauken Running,6.52,594,0:48:42,147,162,170,178,7:28,6:34,115,116,1.26,03:55.3,7
Running,8/10/19 17:24,Cherry Hill Running,5.16,471,0:41:12,141,159,170,180,7:59,6:25,135,142,1.19,01:23.7,6
Running,8/9/19 19:31,Cherry Hill Running,6.26,573,0:46:15,150,175,170,182,7:24,6:04,306,315,1.27,01:52.3,7
Running,8/8/19 17:58,Cherry Hill Running,3.01,249,0:21:40,142,171,172,182,7:12,6:03,103,106,1.3,00:04.1,4
Running,8/6/19 18:19,Cherry Hill Running,5,452,0:37:56,146,178,172,180,7:35,6:18,130,134,1.24,00:02.1,6
Running,8/4/19 18:36,Cherry Hill Running,6.5,582,0:46:59,153,174,172,182,7:14,6:23,262,263,1.29,03:40.2,7
Running,8/3/19 16:36,Anne Arundel County Running,4,345,0:27:26,156,178,172,182,6:51,5:10,73,72,1.36,00:00.9,5
Running,8/2/19 17:09,Anne Arundel County Running,3.68,318,0:30:34,137,158,168,176,8:18,5:09,97,97,1.15,05:43.1,4
Running,7/31/19 18:55,Cherry Hill Running,7.15,687,0:52:14,163,170,170,188,7:18,4:31,238,244,1.29,00:50.4,8
Running,7/30/19 8:27,Cherry Hill Running,4.5,398,0:37:30,138,156,170,178,8:20,7:14,118,122,1.14,04:00.5,5
Running,7/29/19 18:46,Voorhees Running,6,562,0:45:24,155,181,170,180,7:34,6:07,195,205,1.25,00:01.6,7
Running,7/27/19 10:12,Cherry Hill Running,5,470,0:36:25,160,183,174,182,7:17,5:34,229,225,1.27,00:01.5,6
Running,7/26/19 18:42,Cherry Hill Running,4,364,0:30:11,152,168,172,184,7:32,5:44,154,159,1.23,00:02.0,5
Running,7/25/19 18:52,Cherry Hill Running,6,523,0:43:30,154,171,172,178,7:15,5:51,107,107,1.3,00:01.5,7
Running,7/23/19 9:45,Cherry Hill Running,5,549,0:36:02,177,188,172,182,7:12,5:08,121,127,1.3,00:01.1,6
Running,7/22/19 10:57,Cherry Hill Running,4,381,0:28:00,163,180,172,182,7:00,3:47,125,130,1.33,00:01.2,5
Running,7/21/19 9:08,Cherry Hill Running,4.02,465,0:28:32,176,187,174,184,7:06,6:04,105,115,1.3,00:08.4,5
Running,7/19/19 19:41,Cherry Hill Running,4.01,432,0:30:53,153,174,170,178,7:43,6:32,118,114,1.23,00:02.7,5
Running,7/18/19 18:19,Cherry Hill Running,4.01,381,0:32:58,146,166,168,174,8:14,6:40,171,171,1.16,00:02.4,5
Running,7/16/19 18:32,Cherry Hill Running,4,429,0:31:30,159,178,170,176,7:52,6:34,70,70,1.21,00:01.3,5
Running,5/5/19 14:33,Allentown Running,2,128,0:13:43,128,142,182,188,6:51,4:21,63,61,1.29,00:02.0,3
Running,5/5/19 9:57,Allentown Running,2.05,149,0:14:28,133,146,184,194,7:04,1:18,47,35,1.23,00:23.7,3
Running,5/4/19 11:15,Allentown Running,5,339,0:39:05,129,160,176,184,7:49,6:10,170,176,1.17,00:00.9,6
Running,5/3/19 19:15,Allentown Running,1.93,158,0:17:50,126,137,168,182,9:14,7:39,3,3,1.04,08:18.5,2
Running,5/3/19 17:37,Allentown Running,2.23,150,0:15:18,132,142,184,196,6:52,5:37,125,120,1.27,01:29.4,3
Running,5/3/19 10:22,Running,6.21,--,0:32:02,--,--,--,--,5:09,--,--,--,0,00:00.0,1
Running,5/2/19 16:55,Baltimore Running,7.01,483,0:49:59,137,155,178,214,7:08,4:02,363,360,1.27,00:03.2,8
Running,5/1/19 11:44,Baltimore Running,9,473,1:00:46,126,186,182,194,6:45,4:55,353,348,1.31,00:02.5,10
Running,4/30/19 17:55,Baltimore Running,4.04,328,0:27:59,146,162,180,192,6:56,6:05,182,142,1.29,00:15.8,5
Running,4/30/19 17:20,Baltimore Running,0.79,81,06:31.1,145,152,168,208,8:14,7:26,43,46,1.16,00:00.0,1
Running,4/30/19 17:13,Baltimore Running,1.03,73,05:14.4,163,181,188,208,5:06,3:50,37,43,1.67,00:06.4,2
Running,4/30/19 17:04,Baltimore Running,1.03,72,05:14.8,160,182,188,204,5:05,3:52,39,52,1.68,00:07.5,2
Running,4/30/19 16:39,Baltimore Running,2.11,153,0:13:53,138,168,178,192,6:34,4:19,88,125,1.37,00:30.2,3
Running,4/29/19 9:13,Baltimore Running,10.01,637,1:06:14,138,158,182,192,6:37,5:01,748,739,1.34,00:03.5,11
Running,4/28/19 9:48,Baltimore Running,14.35,"1,002",1:34:29,156,194,180,194,6:35,4:48,781,779,1.35,02:10.5,15
Running,4/27/19 10:37,Baltimore Running,10,764,1:07:33,148,165,176,188,6:45,1:55,573,571,1.35,06:23.7,10
Running,4/25/19 11:22,Baltimore Running,4.02,311,0:29:04,138,176,176,192,7:13,5:57,227,234,1.26,00:13.6,5
Running,4/25/19 10:48,Baltimore Running,2.13,139,0:15:48,125,152,176,186,7:24,6:14,100,94,1.23,00:59.4,3
Running,4/24/19 6:35,Baltimore Running,12.01,752,1:21:00,138,174,176,188,6:45,5:26,764,764,1.35,00:02.7,13
Running,4/23/19 17:41,Baltimore Running,0.96,93,09:38.8,128,158,166,192,10:03,7:51,82,38,0.96,00:00.0,1
Running,4/23/19 17:27,Baltimore Running,0.73,69,04:44.6,164,184,172,232,6:32,3:25,20,19,1.43,00:00.0,1
Running,4/23/19 16:54,Baltimore Running,5.06,415,0:27:28,173,193,182,198,5:25,4:08,178,196,1.63,00:18.8,6
Running,4/23/19 16:28,Baltimore Running,2.07,143,0:13:35,134,161,180,188,6:35,4:41,89,125,1.37,00:18.6,3
Running,4/22/19 16:41,Baltimore Running,4.03,304,0:27:38,140,149,178,188,6:52,5:27,196,189,1.31,00:10.1,5
Running,4/22/19 9:11,Baltimore Running,10.09,638,1:07:13,138,160,180,192,6:40,5:48,535,544,1.34,00:36.3,11
Running,4/21/19 10:24,Cherry Hill Running,8.01,590,0:52:51,145,162,178,190,6:36,5:41,179,183,1.37,00:03.0,9
Running,4/20/19 20:10,Running,0.93,--,0:04:10,--,--,--,--,4:28,--,--,--,0,00:00.0,1
Running,4/20/19 11:51,Chester Running,4.68,430,0:33:09,158,179,176,192,7:05,5:02,187,208,1.29,03:55.6,5
Running,4/20/19 10:42,Chester Running,2.47,251,0:17:39,163,184,178,190,7:08,3:51,114,98,1.27,03:04.9,3
Running,4/19/19 11:55,Baltimore Running,7.02,503,0:50:35,137,159,176,198,7:12,4:01,352,344,1.27,00:06.8,8
Running,4/18/19 17:07,Baltimore Running,4.13,383,0:31:13,148,158,176,186,7:33,5:46,195,157,1.2,00:59.2,5
Running,4/18/19 16:50,Baltimore Running,1.84,165,0:12:23,152,175,178,216,6:43,3:34,65,71,1.35,05:43.8,2
Running,4/18/19 16:28,Baltimore Running,2.1,162,0:14:32,138,153,178,186,6:55,4:55,93,129,1.31,00:29.9,3
Running,4/17/19 15:47,Running,9,--,1:02:00,--,--,--,--,6:53,--,--,--,0,00:00.0,1
Running,4/16/19 15:45,Running,9,--,1:03:00,--,--,--,--,7:00,--,--,--,0,00:00.0,1
Running,4/15/19 9:13,Baltimore Running,9,571,1:02:28,135,158,180,194,6:56,5:45,838,842,1.29,00:01.6,10
Running,4/14/19 11:29,Baltimore Running,16.08,"1,060",1:51:34,145,189,180,192,6:56,5:24,962,959,1.3,00:33.7,17
Running,4/13/19 21:28,Running,6.2,--,0:31:38,--,--,--,--,5:06,--,--,--,0,00:00.0,1
Running,4/13/19 20:15,East Buffalo Running,2,175,0:16:51,134,141,170,184,8:25,5:21,4,7,1.12,00:02.2,3
Running,4/13/19 18:29,East Buffalo Running,2.48,211,0:16:54,146,171,178,192,6:49,4:51,124,125,1.34,03:00.9,3
Running,4/13/19 13:06,East Buffalo Running,2.01,156,0:14:15,136,154,180,190,7:06,6:10,61,58,1.27,00:02.0,3
Running,4/12/19 17:05,Baltimore Running,7.07,447,0:49:11,134,156,180,204,6:57,3:59,406,399,1.28,00:20.7,8
Running,4/11/19 16:32,Baltimore Running,10,641,1:07:56,137,185,180,194,6:48,4:36,891,890,1.32,06:33.4,10
Running,4/11/19 10:43,Baltimore Running,4.06,264,0:27:42,132,153,182,194,6:50,3:47,282,272,1.29,00:24.5,5
Running,4/10/19 9:16,Baltimore Running,10.02,677,1:08:24,142,161,180,192,6:50,5:44,400,397,1.31,00:08.3,11
Running,4/9/19 17:42,Baltimore Running,3.78,379,0:27:37,159,179,178,202,7:18,6:11,173,142,1.23,05:50.5,4
Running,4/9/19 17:23,Baltimore Running,1,92,06:08.2,170,187,178,214,6:10,3:53,46,61,1.47,00:00.0,1
Running,4/9/19 16:58,Baltimore Running,3.83,240,0:19:16,147,176,188,196,5:02,4:36,153,154,1.7,04:15.4,4
Running,4/9/19 16:31,Baltimore Running,2.08,168,0:13:45,145,163,182,194,6:36,5:04,73,118,1.34,00:25.4,3
Running,4/8/19 16:40,Baltimore Running,3.75,230,0:29:07,121,192,178,192,7:46,4:32,177,177,1.17,05:18.0,4
Running,4/8/19 9:34,Baltimore Running,7.24,497,0:49:55,138,157,182,196,6:53,5:55,405,399,1.27,01:40.4,8
Running,4/7/19 11:11,Baltimore Running,16.01,"1,070",1:52:31,143,166,178,188,7:02,4:58,862,864,1.29,00:05.9,17
Running,4/6/19 18:24,Baltimore Running,9.72,605,1:08:46,134,175,176,182,7:05,5:27,783,799,1.29,05:07.0,10
Running,4/4/19 16:28,Baltimore Running,10.1,592,1:08:53,134,193,180,194,6:49,4:52,477,470,1.32,00:41.5,11
Running,4/3/19 16:48,Baltimore Running,4.04,257,0:27:47,132,150,182,192,6:53,5:59,291,287,1.29,00:14.9,5
Running,4/3/19 9:15,Baltimore Running,10,630,1:20:19,128,174,174,184,8:02,6:06,468,474,1.15,00:01.9,11
Running,4/2/19 17:52,Baltimore Running,1.48,150,0:15:50,129,162,166,180,10:44,7:46,97,58,0.9,05:24.0,2
Running,4/2/19 17:39,Baltimore Running,1.01,72,07:09.5,131,143,178,214,7:07,3:39,27,37,1.27,00:04.3,2
Running,4/2/19 17:29,Baltimore Running,1.05,38,04:30.6,121,140,202,208,4:17,3:51,38,38,1.86,00:12.9,2
Running,4/2/19 17:24,Baltimore Running,0.65,30,02:59.2,130,147,194,198,4:34,4:21,27,42,1.81,00:00.0,1
Running,4/2/19 17:18,Baltimore Running,0.65,29,02:58.2,129,136,196,198,4:34,4:21,26,42,1.8,00:00.0,1
Running,4/2/19 17:13,Baltimore Running,0.66,21,02:58.0,113,119,196,200,4:30,3:51,26,45,1.82,00:00.0,1
Running,4/2/19 17:08,Baltimore Running,0.65,18,02:57.2,108,116,196,200,4:31,4:20,23,30,1.82,00:00.0,1
Running,4/2/19 17:02,Baltimore Running,0.65,19,02:58.1,109,119,196,202,4:33,4:25,24,29,1.81,00:00.0,1
Running,4/2/19 16:57,Baltimore Running,0.65,22,02:54.1,114,132,200,208,4:28,4:16,27,43,1.8,00:00.0,1
Running,4/2/19 16:30,Baltimore Running,2.09,138,0:14:13,130,161,182,194,6:49,4:50,78,115,1.3,00:25.9,3
Running,4/1/19 9:16,Baltimore Running,10.01,617,1:10:04,137,184,182,196,7:00,3:58,487,488,1.27,00:03.5,11
Running,3/31/19 9:12,Baltimore Running,17.08,"1,026",1:57:51,140,177,182,196,6:54,4:59,985,979,1.29,00:36.6,18
Running,3/30/19 15:57,Baltimore Running,10.08,610,1:12:37,133,160,178,190,7:12,6:02,905,896,1.25,00:41.1,11
Running,3/29/19 22:20,Running,3.1,--,0:15:16,--,--,--,--,4:55,--,--,--,0,00:00.0,1
Running,3/29/19 20:38,Richmond Running,1.8,214,0:15:23,156,176,174,182,8:33,4:04,121,122,1.09,06:57.8,2
Running,3/29/19 19:02,Richmond Running,2.09,177,0:14:52,142,173,180,194,7:06,5:43,192,173,1.25,00:47.5,3
Running,3/28/19 21:48,Baltimore Running,3,214,0:23:15,129,142,176,188,7:44,0:26,90,93,1.18,00:02.1,4
Running,3/28/19 9:53,New York Running,4,237,0:28:32,124,138,180,200,7:08,2:49,31,31,1.25,00:00.6,5
Running,3/27/19 8:58,Baltimore Running,10.01,901,1:09:59,155,179,184,200,7:00,4:26,682,674,1.25,00:02.2,11
Running,3/26/19 17:41,Baltimore Running,3,225,0:22:38,133,161,182,198,7:33,6:36,229,194,1.17,00:02.3,4
Running,3/26/19 16:55,Baltimore Running,4.87,306,0:23:38,152,173,192,212,4:51,4:02,79,87,1.72,04:04.0,5
Running,3/26/19 16:29,Baltimore Running,2.12,127,0:14:08,124,150,184,196,6:41,4:48,71,105,1.31,00:34.1,3
Running,3/26/19 9:47,Baltimore Running,4.06,231,0:28:30,122,144,186,194,7:01,4:42,483,473,1.23,00:24.3,5
Running,3/25/19 9:12,Baltimore Running,10,610,1:07:08,136,158,184,196,6:43,5:31,519,514,1.3,00:01.9,11
Running,3/24/19 10:48,Baltimore Running,17.5,"1,117",1:59:19,142,165,180,218,6:49,5:09,971,978,1.32,03:40.8,18
Running,3/23/19 9:13,Santurce Running,10,738,1:09:40,144,163,180,192,6:58,4:24,462,462,1.28,00:01.1,11
Running,3/21/19 19:08,Santurce Running,10,"1,034",1:13:03,164,170,176,186,7:18,5:12,449,449,1.25,06:53.7,10
Running,3/20/19 9:07,Santurce Running,10.03,667,1:22:41,130,149,174,182,8:15,6:05,475,477,1.12,00:18.4,11
Running,3/19/19 17:24,Isla Verde - Running,8,900,0:52:37,188,209,180,202,6:34,4:14,260,254,1.35,00:01.3,9
Running,3/19/19 17:04,Santurce - Running,1.99,200,0:13:53,158,187,184,190,6:58,6:10,56,60,1.26,06:53.0,2
Running,3/18/19 10:22,Running,1.55,--,0:09:30,--,--,--,--,6:08,--,--,--,0,00:00.0,1
Running,3/18/19 9:13,Santurce - Running,8.45,704,0:53:44,153,171,180,192,6:21,3:51,463,462,1.4,02:50.3,9
Running,3/17/19 8:40,Santurce - Running,17,"1,198",1:56:42,146,157,178,190,6:52,5:23,430,429,1.32,00:00.1,18
Running,3/16/19 17:38,Santurce - Running,10.23,679,1:11:48,138,158,178,192,7:01,0:25,541,541,1.29,01:41.8,11
Running,3/15/19 18:16,Baltimore - Running,10,612,1:09:08,135,154,178,192,6:55,5:41,516,516,1.31,06:42.8,10
Running,3/14/19 17:32,Baltimore - Running,1.98,172,0:14:50,141,153,176,188,7:29,6:32,106,60,1.22,07:21.3,2
Running,3/14/19 16:58,Baltimore - Running,5.9,392,0:30:05,154,165,186,194,5:06,4:33,58,62,1.7,04:37.2,6
Running,3/14/19 14:10,Running,2.6,--,0:19:00,--,--,--,--,7:18,--,--,--,0,00:00.0,1
Running,3/14/19 10:42,Baltimore - Running,3,219,0:21:05,135,154,180,188,7:02,4:15,120,114,1.27,06:54.4,3
Running,3/13/19 10:14,Baltimore - Running,10,600,1:10:28,133,152,180,190,7:03,5:56,694,705,1.27,06:52.8,10
Running,3/12/19 17:42,Baltimore - Running,2.84,200,0:22:12,128,144,176,194,7:50,6:07,171,150,1.17,05:51.6,3
Running,3/12/19 17:25,Baltimore - Running,1.16,88,07:31.0,143,182,180,210,6:28,3:44,32,37,1.37,00:41.5,2
Running,3/12/19 17:14,Baltimore - Running,2.08,84,0:10:03,124,170,190,198,4:50,2:43,86,89,1.75,00:21.9,3
Running,3/12/19 16:57,Baltimore - Running,2.09,60,0:10:05,105,132,190,198,4:50,4:34,56,62,1.74,00:24.4,3
Running,3/12/19 16:31,Baltimore - Running,2.12,127,0:13:52,126,150,182,194,6:33,4:53,83,118,1.35,00:34.5,3
Running,3/11/19 9:13,Baltimore - Running,10.02,564,1:01:33,134,169,184,196,6:09,4:44,724,714,1.42,00:09.1,11
Running,3/10/19 10:58,Philadelphia - Running,18.01,"1,220",1:58:32,149,180,176,188,6:35,1:36,506,505,1.38,00:01.6,19
Running,3/9/19 17:36,Philadelphia - Running,10.01,594,1:10:07,129,181,178,184,7:00,5:32,305,305,1.29,00:03.5,11
Running,3/8/19 20:03,Philadelphia - Running,4.08,456,0:32:21,156,182,176,186,7:56,4:55,184,184,1.15,00:38.6,5
Running,3/8/19 9:18,Boca Raton - Running,4,330,0:28:58,138,154,182,190,7:15,5:43,--,--,1.23,06:53.7,4
Running,3/7/19 17:36,Boca Raton - Running,8.5,595,0:56:07,144,170,178,188,6:36,5:14,41,31,1.37,03:31.5,9
Running,3/7/19 17:14,Boca Raton - Running,2.5,181,0:16:12,137,165,180,190,6:29,4:50,10,17,1.38,02:52.7,3
Running,3/6/19 11:09,Boca Raton - Running,4.01,266,0:27:51,130,141,178,186,6:57,3:04,7,7,1.3,00:02.7,5
Running,3/5/19 18:13,Boca Raton - Running,10,657,1:10:02,138,149,176,186,7:00,5:53,20,20,1.3,00:01.9,11
Running,3/4/19 9:14,Baltimore - Running,10,471,1:01:19,126,139,184,196,6:08,5:11,531,529,1.42,00:01.7,11
Running,3/3/19 10:10,Baltimore - Running,16.12,737,1:48:57,121,156,180,194,6:45,5:22,"1,026","1,021",1.32,00:51.0,17
Running,3/2/19 11:12,Baltimore - Running,10.08,653,1:08:24,137,163,180,192,6:47,5:49,434,428,1.32,00:31.4,11
Running,3/1/19 16:14,Baltimore - Running,11,657,1:16:03,136,154,178,190,6:55,6:02,546,546,1.3,00:01.8,12
Running,2/28/19 17:27,Baltimore - Running,4,206,0:28:32,119,133,176,194,7:08,5:54,178,140,1.28,00:02.0,5
Running,2/28/19 16:54,Baltimore - Running,5.21,212,0:25:36,125,159,188,196,4:55,4:17,138,137,1.74,00:56.6,6
Running,2/28/19 16:29,Baltimore - Running,2.09,137,0:13:58,131,138,180,188,6:40,4:44,68,112,1.35,00:28.3,3
Running,2/27/19 16:42,Baltimore Running,4.03,274,0:27:27,136,151,182,194,6:48,5:05,153,146,1.3,06:36.9,5
Running,2/27/19 10:17,Baltimore Running,9,611,1:02:19,139,158,178,186,6:55,5:48,764,763,1.31,06:35.7,10
Running,2/26/19 22:57,Running,2.25,--,0:16:00,--,--,--,--,7:07,--,--,--,0,00:00.0,1
Running,2/26/19 17:29,Baltimore Running,3.96,345,0:27:48,153,180,178,204,7:02,6:06,200,161,1.28,06:47.2,4
Running,2/26/19 16:55,Baltimore Running,4.63,280,0:23:39,146,160,188,208,5:07,2:32,135,147,1.68,04:58.5,5
Running,2/25/19 9:11,Baltimore Running,10.03,648,1:08:34,141,157,182,194,6:50,5:51,538,533,1.29,06:35.2,11
Running,2/24/19 6:47,Baltimore Running,15,795,1:52:08,129,154,176,184,7:28,4:59,818,822,1.23,06:04.9,16
Running,2/23/19 20:22,Running,3.1,--,0:15:36,--,--,--,--,5:02,--,--,--,0,00:00.0,1
Running,2/23/19 14:24,Manheim Running,3.63,262,0:26:43,135,152,178,186,7:22,6:41,87,84,1.23,07:11.6,4
Running,2/23/19 12:36,Lancaster Running,2.18,161,0:14:29,141,172,182,194,6:38,5:09,56,58,1.33,06:30.7,3
Running,2/22/19 16:34,Baltimore Running,7.01,320,0:46:00,123,157,182,226,6:34,3:48,403,416,1.35,06:02.1,8
Running,2/21/19 16:28,Baltimore Running,10.05,628,1:07:14,140,163,178,202,6:41,4:25,757,753,1.35,06:11.5,11
Running,2/21/19 10:34,Baltimore Running,4.08,359,0:27:48,158,168,180,190,6:49,5:18,270,266,1.31,06:41.4,5
Running,2/20/19 9:57,Baltimore Running,10,626,1:12:05,136,181,178,190,7:12,5:40,766,781,1.25,06:57.1,11
Running,2/19/19 17:31,Baltimore Running,4,435,0:28:51,177,198,180,198,7:13,5:32,195,155,1.23,07:06.7,4
Running,2/19/19 17:01,Baltimore Running,3.7,230,0:18:13,152,171,192,214,4:55,3:54,89,93,1.7,04:58.1,4
Running,2/19/19 16:35,Baltimore Running,2.06,153,0:13:44,140,170,182,192,6:40,5:11,71,108,1.32,06:23.7,3
Running,2/18/19 9:10,Baltimore Running,10.04,638,1:07:14,141,162,180,192,6:42,4:56,578,578,1.33,06:25.0,11
Running,2/17/19 10:35,Running,14.21,962,1:34:00,146,180,178,196,6:37,4:34,819,814,1.36,05:08.2,15
Running,2/16/19 10:33,Baltimore Running,9.5,507,1:05:01,128,156,180,206,6:51,4:11,750,745,1.3,06:08.0,10
Running,2/15/19 16:35,Baltimore Running,10.08,917,1:11:27,159,177,176,188,7:05,5:58,492,488,1.29,06:49.5,11
Running,2/14/19 17:35,Baltimore Running,4.02,281,0:30:17,133,150,176,198,7:32,6:26,224,186,1.21,07:19.5,5
Running,2/14/19 16:53,Baltimore Running,4.58,150,0:23:10,115,152,190,210,5:03,3:54,105,112,1.67,04:48.3,5
Running,2/14/19 16:28,Baltimore Running,2.08,136,0:13:47,133,157,182,192,6:37,4:47,84,117,1.34,06:24.1,3
Running,2/13/19 17:03,Baltimore Running,11.31,"1,052",1:18:09,166,195,180,192,6:55,5:47,"1,101","1,091",1.3,06:27.5,12
Running,2/12/19 17:31,Baltimore Running,2.79,202,0:24:47,126,146,172,182,8:53,8:06,155,66,1.06,08:40.3,3
Running,2/12/19 16:58,Baltimore Running,4.04,304,0:22:37,164,178,186,196,5:36,5:02,34,38,1.55,05:19.4,5
Running,2/12/19 16:34,Baltimore Running,2.12,119,0:14:26,123,144,182,194,6:49,0:25,114,96,1.31,06:39.1,3
Running,2/12/19 16:31,Baltimore Running,0.29,15,02:07.2,113,131,182,188,7:15,6:57,--,18,1.22,00:00.0,1
Running,2/11/19 16:42,Baltimore Running,3.07,243,0:22:52,140,161,176,188,7:26,5:50,236,232,1.23,07:09.3,4
Running,2/11/19 9:17,Baltimore Running,10,761,1:12:35,146,176,176,206,7:15,5:28,887,890,1.26,07:00.8,11
Running,2/10/19 9:36,Baltimore County Running,16.01,896,1:43:30,140,164,178,186,6:28,5:23,"1,061","1,062",1.4,05:55.1,17
Running,2/9/19 10:55,Baltimore Running,10,618,1:09:57,139,180,178,188,7:00,5:47,618,616,1.29,06:31.3,11
Running,2/8/19 17:51,Running,3.1,--,0:15:48,--,--,--,--,5:06,--,--,--,0,00:00.0,1
Running,2/8/19 11:37,Annapolis Running,3.03,322,0:25:14,157,179,172,182,8:19,5:51,68,67,1.12,08:15.9,4
Running,2/8/19 10:25,Annapolis Running,2.5,186,0:17:25,141,167,178,190,6:59,2:08,38,39,1.3,07:04.1,3
Running,2/7/19 16:30,Baltimore Running,8.09,522,1:00:20,137,161,174,192,7:27,4:28,393,395,1.24,06:25.8,9
Running,2/6/19 16:39,Baltimore Running,3.02,243,0:20:31,150,184,180,190,6:48,5:40,119,118,1.31,06:45.4,4
Running,2/6/19 9:52,Baltimore Running,11,844,1:18:54,157,180,176,184,7:10,6:17,"1,054","1,065",1.28,06:57.0,12
Running,2/5/19 17:29,Baltimore Running,2.03,154,0:17:37,129,144,172,202,8:42,6:18,133,100,1.07,08:16.8,3
Running,2/5/19 16:52,Baltimore Running,3.82,251,0:18:50,165,193,190,214,4:56,3:42,96,112,1.73,05:04.5,4
Running,2/5/19 16:28,Baltimore Running,2.07,140,0:13:58,136,161,178,186,6:44,5:12,71,104,1.35,06:17.0,3
Running,2/4/19 9:09,Baltimore Running,11,514,1:13:57,127,178,180,196,6:43,4:11,780,782,1.33,06:29.9,12
Running,2/3/19 9:56,Philadelphia Running,15.01,982,1:45:34,146,178,178,186,7:02,4:39,643,645,1.29,06:16.0,16
Running,2/2/19 17:13,Philadelphia Running,4.18,242,0:34:14,123,134,174,180,8:12,5:16,190,190,1.13,07:59.3,5
Running,2/1/19 18:43,New York Running,1.39,121,0:11:55,138,153,172,182,8:33,2:01,54,54,1.1,08:26.6,2
Running,2/1/19 17:13,New York Running,2.78,194,0:19:57,137,159,178,196,7:10,0:26,132,121,1.26,06:43.7,3
Running,1/29/19 17:39,Baltimore Running,4.35,515,0:33:57,180,195,176,198,7:49,6:50,198,162,1.18,00:00.0,5
Running,1/29/19 17:27,Baltimore Running,0.76,57,03:46.9,179,193,192,204,4:58,4:36,23,29,1.69,00:00.0,1
Running,1/29/19 17:21,Baltimore Running,0.76,54,03:41.0,177,193,194,198,4:50,4:24,36,41,1.72,00:00.0,1
Running,1/29/19 17:16,Baltimore Running,0.75,55,03:41.9,176,186,192,198,4:54,4:38,35,42,1.71,00:00.0,1
Running,1/29/19 17:10,Baltimore Running,0.75,54,03:45.3,170,181,192,196,4:58,4:41,38,41,1.69,00:00.0,1
Running,1/29/19 17:04,Baltimore Running,0.75,53,03:48.3,164,176,192,198,5:02,4:46,35,41,1.66,00:00.0,1
Running,1/29/19 16:59,Baltimore Running,0.76,51,03:50.0,159,170,194,200,5:02,4:44,39,41,1.65,00:00.0,1
Running,1/29/19 16:31,Baltimore Running,2.06,186,0:14:36,154,181,180,192,7:06,5:04,73,113,1.25,00:00.0,3
Running,1/28/19 16:52,Baltimore Running,10,683,1:11:26,144,174,176,188,7:08,5:56,679,685,1.28,00:00.0,11
Cardio,1/28/19 12:29,Cardio,0.06,11,02:01.1,102,118,122,124,1.6,4.1,--,--,0.36,00:00.0,1
Running,1/27/19 10:58,Baltimore Running,15.55,"1,210",1:41:57,157,186,178,190,6:33,4:43,827,822,1.37,00:00.0,16
Running,1/26/19 10:48,Baltimore Running,10.25,699,1:13:52,141,162,178,190,7:13,5:13,971,962,1.26,00:00.0,11
Running,1/25/19 21:55,Running,3.1,--,0:15:40,--,--,--,--,5:03,--,--,--,0,00:00.0,1
Running,1/25/19 19:13,Fairfax County Running,3.55,325,0:26:43,151,173,174,192,7:32,6:34,264,265,1.23,00:00.0,4
Running,1/25/19 17:52,Fairfax County Running,2.49,197,0:17:44,144,182,178,194,7:08,4:24,179,184,1.27,00:00.0,3
Cardio,1/24/19 16:57,Cardio,0,6,02:19.3,78,98,172,172,0.1,8.1,--,--,0.01,00:00.0,1
Running,1/24/19 15:17,Baltimore Running,7.01,455,0:49:35,139,160,178,208,7:04,4:19,411,412,1.28,00:00.0,8
Running,1/23/19 15:58,Baltimore Running,10.04,847,1:16:18,151,156,172,182,7:36,6:09,664,658,1.23,00:00.0,11
Running,1/22/19 16:09,Baltimore Running,3.52,380,0:27:09,165,180,176,194,7:43,6:35,167,143,1.19,00:00.0,4
Running,1/22/19 15:54,Baltimore Running,1.51,98,07:16.7,161,177,194,200,4:50,4:27,44,50,1.71,00:00.0,2
Running,1/22/19 15:35,Baltimore Running,3.03,199,0:15:34,155,190,190,198,5:08,4:43,77,81,1.65,00:00.0,4
Running,1/22/19 15:11,Baltimore Running,2.1,145,0:14:32,134,154,178,194,6:56,4:30,87,130,1.3,00:00.0,3
Running,1/22/19 15:10,Baltimore Running,0,--,00:00.2,92,92,--,--,3:06,4:11,--,--,0,00:00.0,1
Running,1/21/19 15:16,Baltimore Running,10.04,617,1:09:26,138,157,178,190,6:55,5:58,534,527,1.31,00:00.0,11
Running,1/20/19 10:48,Baltimore Running,14.25,"1,060",1:34:50,153,177,180,192,6:39,5:07,793,793,1.35,00:00.0,15
Running,1/19/19 15:37,Baltimore Running,10.03,660,1:09:49,141,167,178,196,6:58,4:31,799,809,1.3,00:00.0,11
Running,1/18/19 16:25,Baltimore Running,1.85,128,0:15:34,124,152,174,198,8:25,6:33,115,77,1.1,00:00.0,2
Running,1/18/19 16:23,Baltimore Running,0.26,7,01:08.6,109,130,200,208,4:24,4:10,12,15,1.83,00:00.0,1
Running,1/18/19 16:20,Baltimore Running,0.25,7,01:10.6,112,135,200,208,4:38,4:12,12,15,1.74,00:00.0,1
Running,1/18/19 16:18,Baltimore Running,0.25,7,01:06.9,112,134,202,206,4:27,4:13,13,15,1.79,00:00.0,1
Running,1/18/19 16:16,Baltimore Running,0.26,8,01:07.6,119,125,200,204,4:20,4:13,13,15,1.86,00:00.0,1
Running,1/18/19 16:09,Baltimore Running,0.75,31,03:46.3,122,131,194,202,5:00,4:28,22,29,1.66,00:00.0,1
Running,1/18/19 16:03,Baltimore Running,0.75,29,03:47.4,119,123,192,200,5:03,4:31,33,38,1.66,00:00.0,1
Running,1/18/19 15:58,Baltimore Running,0.5,17,02:25.5,115,123,196,204,4:49,4:30,27,27,1.71,00:00.0,1
Running,1/18/19 15:53,Baltimore Running,0.5,17,02:24.9,113,134,196,200,4:49,4:26,25,26,1.71,00:00.0,1
Running,1/18/19 15:49,Baltimore Running,0.51,16,02:23.0,112,128,194,202,4:41,4:30,24,27,1.77,00:00.0,1
Running,1/18/19 15:24,Baltimore Running,2.21,113,0:14:46,122,145,180,194,6:40,4:34,77,114,1.34,00:00.0,3
Running,1/17/19 18:21,Baltimore Running,8.01,648,0:53:52,155,184,176,184,6:44,3:25,224,230,1.36,00:00.0,9
Running,1/16/19 10:06,Baltimore Running,9.32,934,1:05:14,173,201,180,192,7:00,5:40,627,627,1.27,00:00.0,10
Running,1/15/19 16:21,Baltimore Running,1.99,214,0:17:21,151,176,172,188,8:42,7:24,86,48,1.07,00:00.0,2
Running,1/15/19 16:05,Baltimore Running,1.26,86,06:22.6,160,168,188,194,5:03,4:49,35,41,1.68,00:00.0,2
Running,1/15/19 15:57,Baltimore Running,1.26,90,06:32.3,162,170,188,196,5:13,4:46,42,49,1.63,00:00.0,2
Running,1/15/19 15:49,Baltimore Running,1.26,85,06:32.8,153,163,190,196,5:11,4:54,44,51,1.64,00:00.0,2
Running,1/15/19 15:41,Baltimore Running,1.27,83,06:32.1,152,175,190,198,5:08,4:43,31,38,1.64,00:00.0,2
Running,1/15/19 15:15,Baltimore Running,2.11,152,0:14:06,138,166,180,194,6:42,4:34,89,125,1.34,00:00.0,3
Running,1/14/19 15:36,Baltimore Running,9.62,744,1:01:46,155,183,180,194,6:25,5:18,497,494,1.39,00:00.0,10
Running,1/14/19 10:36,Baltimore Running,2.13,145,0:14:45,132,150,184,192,6:56,5:41,169,162,1.27,00:00.0,3
Running,1/13/19 9:19,Baltimore Running,13,"1,057",1:35:11,152,172,174,180,7:19,6:26,680,680,1.27,00:00.0,13
Running,1/12/19 13:58,New York Running,2.45,216,0:19:58,140,152,176,182,8:08,3:57,7,7,1.13,00:00.0,3
Running,1/12/19 13:30,Running,3.1,--,0:16:16,--,--,--,--,5:15,--,--,--,0,00:00.0,1
Running,1/12/19 12:32,New York Running,2.45,207,0:17:35,145,179,178,192,7:11,5:09,11,13,1.26,00:00.0,3
Cardio,1/11/19 16:28,Cardio,0,6,02:02.6,85,96,170,170,0.1,6.5,--,--,0.01,00:00.0,1
Running,1/11/19 15:21,Baltimore Running,7,505,0:52:26,140,154,174,188,7:29,5:51,330,331,1.23,00:00.0,7
Running,1/10/19 16:04,Baltimore Running,4.06,421,0:28:14,172,188,176,184,6:57,5:20,178,141,1.31,00:00.0,5
Running,1/10/19 15:42,Baltimore Running,3.04,289,0:18:31,181,192,182,208,6:06,4:27,64,69,1.45,00:00.0,4
Running,1/10/19 15:16,Baltimore Running,2.06,188,0:14:04,158,188,178,196,6:49,4:41,73,107,1.33,00:00.0,3
Running,1/9/19 10:14,Baltimore Running,8.05,640,0:56:30,148,171,178,190,7:01,5:50,695,689,1.29,00:00.0,9
Running,1/8/19 16:44,Baltimore Running,1.18,140,0:10:47,152,175,172,188,9:07,7:32,80,43,1.03,00:00.0,2
Running,1/8/19 15:56,Baltimore Running,4.56,311,0:25:35,148,181,184,210,5:36,4:06,159,164,1.55,00:00.0,5
Running,1/8/19 15:31,Baltimore Running,2.09,192,0:14:23,157,188,176,190,6:53,5:12,77,113,1.32,00:00.0,3
Running,1/7/19 15:30,Baltimore Running,10,736,1:01:28,151,183,180,192,6:09,5:23,526,530,1.47,00:00.0,11
Cardio,1/7/19 10:36,Cardio,0.02,13,03:15.6,92,110,114,122,0.4,4.6,--,--,0.1,00:00.0,1
Running,1/6/19 11:04,Baltimore Other,11.99,901,1:29:15,144,180,--,--,7:27,6:14,821,821,0,00:00.0,12
Running,1/5/19 11:32,Running,8,--,0:56:00,--,--,--,--,7:00,--,--,--,0,00:00.0,1
Running,1/4/19 11:49,Voorhees Running,2.23,217,0:16:17,155,182,174,180,7:18,6:46,62,63,1.27,00:00.0,3
Running,1/4/19 11:13,Voorhees Running,4,296,0:22:17,155,164,182,192,5:34,5:10,84,81,1.59,00:00.0,4
Running,1/4/19 10:43,Voorhees Running,2.01,172,0:14:36,145,179,176,184,7:15,4:51,28,25,1.26,00:00.0,3
Running,1/3/19 11:26,Cherry Hill Running,8.01,437,0:53:33,128,176,174,182,6:41,5:41,313,313,1.38,00:00.0,9
Running,1/2/19 11:29,Cherry Hill Running,8.01,568,0:57:47,137,166,174,180,7:13,5:50,256,245,1.28,00:00.0,9
Running,1/1/19 12:07,Cherry Hill Running,7,630,0:47:37,158,170,172,180,6:48,4:14,219,223,1.38,00:00.0,8
Running,12/31/18 14:41,Cherry Hill Running,7.07,570,0:53:51,144,168,172,180,7:37,5:34,174,181,1.23,00:00.0,8
Running,12/30/18 10:40,Cherry Hill Running,8.51,796,0:58:23,161,184,174,184,6:52,5:54,278,281,1.34,00:00.0,9
Running,12/29/18 16:45,Voorhees Running,7.56,624,0:57:44,143,178,172,182,7:38,6:39,176,176,1.23,00:00.0,8
Running,12/27/18 8:47,Cherry Hill Running,5,395,0:36:54,140,165,174,180,7:23,5:53,138,142,1.26,00:00.0,5
Running,12/24/18 10:45,Cherry Hill Running,5.29,458,0:37:54,148,164,176,182,7:10,6:33,142,146,1.28,00:00.0,6
Running,11/30/18 16:43,Baltimore Running,4.98,371,0:36:41,138,173,172,184,7:22,3:55,279,279,1.26,00:00.0,5
Running,11/29/18 16:28,Baltimore Running,7.9,512,0:55:10,138,164,174,184,6:59,4:52,900,879,1.33,00:00.0,8
Running,11/27/18 17:38,Baltimore Running,1.17,110,09:47.8,138,150,174,196,8:21,4:02,80,44,1.11,00:00.0,2
Treadmill Running,11/27/18 17:30,Treadmill Running,0.35,19,01:50.2,134,145,196,204,5:16,4:23,--,--,1.56,00:00.0,1
Treadmill Running,11/27/18 17:26,Treadmill Running,0.34,20,01:47.8,138,147,194,198,5:13,4:44,--,--,1.59,00:00.0,1
Treadmill Running,11/27/18 17:23,Treadmill Running,0.34,18,01:47.7,128,139,194,202,5:16,4:43,--,--,1.57,00:00.0,1
Treadmill Running,11/27/18 17:19,Treadmill Running,0.47,25,02:31.5,131,147,190,196,5:21,4:49,--,--,1.58,00:00.0,1
Treadmill Running,11/27/18 17:14,Treadmill Running,0.46,26,02:26.0,136,148,192,198,5:17,4:45,--,--,1.59,00:00.0,1
Treadmill Running,11/27/18 17:10,Treadmill Running,0.46,27,02:25.7,138,146,192,196,5:17,4:49,--,--,1.59,00:00.0,1
Treadmill Running,11/27/18 17:06,Treadmill Running,0.46,25,02:24.5,132,142,192,198,5:14,4:46,--,--,1.6,00:00.0,1
Treadmill Running,11/27/18 17:01,Treadmill Running,0.46,25,02:24.4,133,152,192,200,5:15,4:45,--,--,1.6,00:00.0,1
Treadmill Running,11/27/18 16:54,Treadmill Running,0.95,56,05:09.4,135,144,188,194,5:25,4:54,--,--,1.58,00:00.0,1
Running,11/27/18 16:31,Baltimore Running,2.09,144,0:13:57,133,156,178,190,6:41,4:16,73,108,1.35,00:00.0,3
Running,11/26/18 16:29,Baltimore Running,9.01,658,1:00:41,150,181,176,186,6:44,5:14,526,525,1.36,00:00.0,10
Running,11/25/18 16:05,Baltimore Running,11.94,711,1:26:31,137,166,174,186,7:15,5:32,722,718,1.27,00:00.0,12
Running,11/24/18 9:43,Haddon Running,1.62,180,0:13:36,153,168,168,192,8:25,7:17,27,24,1.14,00:00.0,2
Running,11/24/18 9:16,Haddon Running,3.13,209,0:16:03,151,161,186,210,5:08,4:15,37,37,1.69,00:00.0,4
Running,11/24/18 8:27,Haddon Running,2.17,184,0:14:51,149,182,176,188,6:50,2:06,49,45,1.34,00:00.0,3
Running,11/21/18 10:57,Voorhees Running,1.53,131,0:10:37,146,161,176,182,6:56,6:17,33,40,1.32,00:00.0,2
Running,11/20/18 15:15,Cherry Hill Running,6.94,457,0:47:12,135,182,176,196,6:48,5:48,126,128,1.35,00:00.0,7
Running,11/19/18 10:33,Voorhees Running,7.44,520,0:52:08,139,165,176,184,7:01,5:54,191,209,1.31,00:00.0,8
Running,11/13/18 17:31,Baltimore Running,1.8,187,0:14:04,156,191,172,186,7:48,7:05,143,61,1.2,00:00.0,2
Running,11/13/18 17:11,Baltimore Running,2.72,177,0:14:22,147,157,182,190,5:17,4:54,24,28,1.68,00:00.0,3
Running,11/13/18 16:56,Baltimore Running,2.7,159,0:14:15,140,148,186,194,5:16,5:04,30,31,1.64,00:00.0,3
Running,11/13/18 16:30,Baltimore Running,2.05,127,0:14:03,127,143,176,188,6:51,5:06,51,142,1.33,00:00.0,3
Running,11/11/18 10:14,Baltimore Running,14,822,1:42:02,136,178,174,186,7:17,5:34,735,829,1.28,00:00.0,14
Running,11/8/18 16:28,Baltimore Running,7.54,674,0:51:39,160,198,176,206,6:51,4:10,465,462,1.34,00:00.0,8
Running,11/6/18 17:31,Baltimore Running,1.19,148,0:10:33,164,186,168,182,8:51,7:24,74,38,1.08,00:00.0,2
Running,11/6/18 17:18,Baltimore Running,1.28,96,06:31.3,172,189,186,192,5:05,4:54,44,51,1.71,00:00.0,2
Running,11/6/18 17:10,Baltimore Running,1.29,96,06:32.2,172,186,186,192,5:04,4:49,34,40,1.71,00:00.0,2
Running,11/6/18 17:03,Baltimore Running,1.28,86,06:32.3,155,188,186,192,5:05,4:52,33,43,1.69,00:00.0,2
Running,11/6/18 16:55,Baltimore Running,1.3,71,06:29.4,137,156,190,196,4:59,4:35,53,59,1.71,00:00.0,2
Running,11/6/18 16:30,Baltimore Running,1.89,125,0:12:43,130,150,176,190,6:44,4:49,81,115,1.36,00:00.0,2
Running,11/5/18 16:38,Baltimore Running,8,436,0:48:51,130,164,178,186,6:06,5:00,608,600,1.48,00:00.0,9
Running,11/4/18 10:16,Baltimore Running,12.17,908,1:18:46,152,173,178,192,6:28,4:41,779,798,1.39,00:00.0,13
Running,11/3/18 10:01,Baltimore Running,6.03,447,0:47:24,136,153,172,180,7:52,5:20,331,322,1.19,00:00.0,7
Running,11/2/18 16:13,Baltimore Running,5.07,346,0:36:38,134,152,174,182,7:14,3:28,321,314,1.29,00:00.0,6
Running,11/1/18 17:13,Baltimore Running,2.72,264,0:21:15,148,160,172,182,7:48,6:22,326,314,1.2,00:00.0,3
Running,11/1/18 17:06,Running,0.88,78,05:00.5,179,197,186,196,5:41,4:50,--,--,1.52,00:00.0,1
Running,11/1/18 17:00,Baltimore Running,0.83,76,05:00.1,176,183,184,192,6:00,2:05,138,182,1.46,00:00.0,1
Running,11/1/18 16:54,Baltimore Running,0.9,68,05:00.8,161,197,190,198,5:35,4:28,156,124,1.52,00:00.0,1
Running,10/28/18 16:29,Baltimore Running,11.33,564,1:21:47,124,141,174,184,7:13,1:12,535,628,1.28,00:00.0,12
Treadmill Running,10/27/18 13:34,Treadmill Running,1.53,124,0:12:25,133,175,170,174,8:07,4:37,--,--,1.17,00:00.0,2
Running,10/27/18 11:55,Haverford Running,2.16,180,0:15:15,143,157,174,192,7:03,5:08,48,48,1.3,00:00.0,3
Running,10/26/18 16:54,Baltimore Running,4.98,382,0:36:33,138,165,174,190,7:20,3:58,251,247,1.26,00:00.0,5
Running,10/25/18 16:35,Baltimore Running,8.88,603,0:59:38,142,168,174,198,6:43,4:19,422,415,1.37,00:00.0,9
Running,10/24/18 16:36,Baltimore Running,5,533,0:35:49,166,186,172,180,7:10,6:23,541,546,1.31,00:00.0,6
Running,10/23/18 17:40,Baltimore Running,2.48,218,0:18:19,142,167,172,188,7:22,6:09,260,256,1.27,00:00.0,3
Running,10/23/18 17:29,Baltimore Running,0.63,50,03:11.6,177,189,186,202,5:03,4:24,--,10,1.71,00:00.0,1
Running,10/23/18 17:22,Baltimore Running,1.26,105,06:26.5,181,193,186,196,5:07,4:42,17,21,1.7,00:00.0,2
Running,10/23/18 17:17,Baltimore Running,0.63,51,03:13.8,177,193,186,194,5:09,4:54,--,10,1.68,00:00.0,1
Running,10/23/18 17:10,Baltimore Running,1.27,103,06:26.7,177,196,186,196,5:06,4:32,25,25,1.7,00:00.0,2
Running,10/23/18 17:05,Baltimore Running,0.63,45,03:14.6,159,183,186,194,5:09,4:35,10,12,1.68,00:00.0,1
Running,10/23/18 17:01,Baltimore Running,0.63,42,03:07.6,153,172,192,200,4:59,4:37,9,10,1.68,00:00.0,1
Running,10/23/18 16:30,Baltimore Running,2.96,244,0:21:00,141,170,174,194,7:06,5:06,269,274,1.3,00:00.0,3
Running,10/22/18 0:13,Running,8.8,--,0:59:36,--,--,--,--,6:46,--,--,--,0,00:00.0,1
Running,10/21/18 9:14,Baltimore Running,13.01,"1,040",1:23:25,153,180,178,192,6:25,4:32,"1,134","1,170",1.41,00:00.0,14
Running,10/20/18 8:51,Baltimore Running,6.91,445,0:51:03,130,165,174,184,7:23,0:42,437,432,1.25,00:00.0,7
Running,10/19/18 10:24,Baltimore Running,2.2,206,0:17:06,142,161,172,194,7:47,5:58,273,245,1.21,00:00.0,3
Running,10/19/18 10:18,Baltimore Running,0.25,14,01:10.4,143,163,198,206,4:40,4:10,16,14,1.74,00:00.0,1
Running,10/19/18 10:15,Baltimore Running,0.25,15,01:13.4,145,166,192,198,4:56,4:27,15,14,1.7,00:00.0,1
Running,10/19/18 10:13,Baltimore Running,0.26,16,01:13.4,146,158,192,198,4:48,4:01,16,14,1.75,00:00.0,1
Running,10/19/18 10:10,Baltimore Running,0.25,14,01:12.0,141,167,194,204,4:46,4:26,16,14,1.74,00:00.0,1
Running,10/19/18 10:08,Baltimore Running,0.25,14,01:14.4,141,177,188,196,4:56,4:33,16,14,1.73,00:00.0,1
Running,10/19/18 9:44,Baltimore Running,4.02,186,0:21:29,126,149,184,198,5:21,4:28,189,192,1.63,00:00.0,5
Running,10/19/18 9:16,Baltimore Running,2.43,160,0:17:03,127,146,178,194,7:01,5:13,245,262,1.29,00:00.0,3
Running,10/18/18 12:25,Baltimore Running,8.2,521,0:56:58,133,152,174,184,6:57,3:29,404,398,1.33,00:00.0,9
Running,10/17/18 15:04,Baltimore Running,7.01,458,0:51:43,133,147,172,180,7:22,6:15,574,581,1.26,00:00.0,8
Running,10/16/18 17:52,Baltimore Running,2.28,197,0:20:05,132,161,168,196,8:49,6:42,262,263,1.09,00:00.0,3
Running,10/16/18 17:45,Baltimore Running,0.59,39,02:57.1,151,168,194,208,5:01,4:21,44,34,1.65,00:00.0,1
Running,10/16/18 17:37,Baltimore Running,0.9,65,04:44.7,156,195,192,204,5:18,4:29,89,45,1.58,00:00.0,1
Running,10/16/18 17:29,Baltimore Running,0.9,59,04:41.9,147,189,188,200,5:14,4:12,89,44,1.64,00:00.0,1
Running,10/16/18 17:23,Baltimore Running,0.59,31,03:04.3,128,140,188,200,5:13,4:18,45,34,1.64,00:00.0,1
Running,10/16/18 17:15,Baltimore Running,0.89,47,04:43.1,129,158,188,200,5:16,4:06,90,45,1.62,00:00.0,1
Running,10/16/18 17:09,Baltimore Running,0.59,41,03:02.2,151,156,190,200,5:09,4:29,45,35,1.64,00:00.0,1
Running,10/16/18 17:04,Baltimore Running,0.59,37,03:03.7,141,166,190,200,5:10,3:36,43,35,1.64,00:00.0,1
Running,10/16/18 16:32,Baltimore Running,2.85,203,0:19:27,133,169,176,196,6:49,4:50,268,273,1.34,00:00.0,3
Running,10/15/18 16:33,Baltimore Running,10.22,681,1:09:25,139,161,174,186,6:48,5:06,"1,098","1,089",1.36,00:00.0,11
Running,10/14/18 16:50,Baltimore Running,13.02,981,1:24:03,150,182,174,196,6:27,4:04,937,931,1.42,00:00.0,14
Running,10/13/18 19:19,Running,5,--,0:26:36,--,--,--,--,5:19,--,--,--,0,00:00.0,1
Running,10/13/18 12:21,Logan Running,1.49,146,0:11:39,145,171,170,180,7:50,6:43,--,--,1.21,00:00.0,2
Running,10/13/18 11:00,Logan Running,2.21,185,0:15:21,144,167,176,192,6:57,4:56,--,--,1.3,00:00.0,3
Running,10/12/18 8:51,Baltimore Running,4.95,353,0:36:08,133,174,176,190,7:18,3:44,260,264,1.25,00:00.0,5
Running,10/11/18 16:35,Baltimore Running,10.98,831,1:14:06,147,171,176,198,6:45,4:24,626,633,1.35,00:00.0,11
Running,10/10/18 18:55,Running,9,--,1:06:00,--,--,--,--,7:20,--,--,--,0,00:00.0,1
Running,10/10/18 16:07,Baltimore Running,6.54,387,0:48:42,127,149,172,180,7:27,6:15,423,444,1.26,00:00.0,7
Running,10/9/18 17:23,Baltimore Running,2.44,217,0:21:54,133,149,168,188,9:00,7:19,157,57,1.06,00:00.0,3
Running,10/9/18 17:07,Baltimore Running,1.35,113,07:02.6,179,186,184,194,5:14,4:38,15,11,1.66,00:00.0,2
Running,10/9/18 16:59,Baltimore Running,1.35,109,06:54.7,178,187,188,202,5:06,4:27,17,13,1.68,00:00.0,2
Running,10/9/18 16:51,Baltimore Running,1.35,102,06:52.2,169,188,188,202,5:04,4:23,14,14,1.69,00:00.0,2
Running,10/9/18 16:28,Baltimore Running,2.42,160,0:16:23,130,174,178,196,6:47,4:57,48,138,1.33,00:00.0,3
Running,10/8/18 16:39,Baltimore Running,10.01,768,1:07:45,147,168,178,212,6:46,4:45,799,791,1.35,00:00.0,11
Running,10/7/18 9:15,Baltimore Running,15,"1,195",1:44:20,150,191,176,192,6:57,4:21,836,833,1.32,00:00.0,15
Running,10/6/18 10:57,Baltimore Running,7,480,0:50:25,135,159,176,188,7:12,6:08,479,415,1.27,00:00.0,7
Running,10/5/18 8:28,Baltimore Running,1.36,130,0:12:27,134,168,170,206,9:09,0:31,96,49,1.04,00:00.0,2
Running,10/5/18 8:19,Baltimore Running,1.02,50,04:42.9,132,139,196,208,4:36,4:08,36,43,1.78,00:00.0,2
Running,10/5/18 8:10,Baltimore Running,1.02,66,04:47.9,155,171,194,202,4:41,4:23,50,57,1.77,00:00.0,2
Running,10/5/18 8:01,Baltimore Running,1.02,75,04:55.0,174,193,192,208,4:50,4:38,48,50,1.73,00:00.0,2
Running,10/5/18 7:52,Baltimore Running,1.03,81,05:04.2,182,190,190,206,4:56,4:30,34,40,1.72,00:00.0,2
Running,10/5/18 7:43,Baltimore Running,1.02,78,05:09.9,171,181,190,196,5:03,4:47,34,41,1.68,00:00.0,2
Running,10/5/18 7:34,Baltimore Running,1.01,73,05:18.0,156,173,190,198,5:15,4:50,35,45,1.62,00:00.0,2
Running,10/5/18 7:03,Baltimore Running,1.99,140,0:14:02,129,156,176,194,7:03,4:35,85,117,1.3,00:00.0,2
Running,10/4/18 16:38,Baltimore Running,11.18,779,1:14:45,144,163,176,190,6:41,5:24,606,597,1.36,00:00.0,12
Running,10/3/18 9:25,Baltimore Running,7.05,463,0:53:42,129,150,174,182,7:37,0:30,520,510,1.22,00:00.0,8
Running,10/2/18 17:42,Baltimore Running,1.61,162,0:15:02,136,148,166,194,9:20,7:59,211,191,1.03,00:00.0,2
Running,10/2/18 17:31,Baltimore Running,0.97,77,04:54.0,178,192,190,200,5:02,3:49,81,165,1.69,00:00.0,1
Running,10/2/18 17:22,Baltimore Running,0.99,82,05:22.6,172,184,188,200,5:24,4:10,168,73,1.58,00:00.0,1
Running,10/2/18 17:16,Baltimore Running,0.37,27,01:49.0,172,189,194,200,4:51,4:14,14,19,1.71,00:00.0,1
Running,10/2/18 17:13,Baltimore Running,0.38,24,01:48.7,157,184,192,202,4:49,4:15,11,17,1.74,00:00.0,1
Running,10/2/18 17:10,Baltimore Running,0.38,23,01:47.3,150,168,194,204,4:46,4:24,8,12,1.74,00:00.0,1
Running,10/2/18 17:06,Baltimore Running,0.38,21,01:49.4,140,160,192,202,4:51,4:33,11,15,1.73,00:00.0,1
Running,10/2/18 17:03,Baltimore Running,0.38,22,01:51.4,144,179,194,198,4:50,4:22,13,17,1.72,00:00.0,1
Running,10/2/18 17:00,Baltimore Running,0.38,17,01:47.4,128,145,196,210,4:40,4:25,11,16,1.76,00:00.0,1
Running,10/2/18 16:31,Baltimore Running,2.52,181,0:17:25,134,165,176,192,6:55,4:53,272,292,1.32,00:00.0,3
Running,10/1/18 16:38,Baltimore Running,10,673,1:13:50,137,154,174,182,7:23,6:13,788,789,1.25,00:00.0,11
Running,9/30/18 10:28,Running,17.3,--,1:57:00,--,--,--,--,6:46,--,--,--,0,00:00.0,1
Cardio,9/29/18 10:59,Cardio,0.8,91,0:13:36,108,161,142,196,3.5,11.6,--,--,0.67,00:00.0,1
Running,9/29/18 10:30,Running,5,--,0:26:18,--,--,--,--,5:16,--,--,--,0,00:00.0,1
Running,9/29/18 10:15,Bethlehem Running,1.61,135,0:15:27,124,155,164,180,9:34,7:25,47,68,1.02,00:00.0,2
Running,9/29/18 8:45,Bethlehem Running,2.05,160,0:14:00,140,161,178,190,6:49,5:35,61,59,1.33,00:00.0,3
Running,9/28/18 11:06,Baltimore Running,5.63,435,0:40:35,141,158,174,180,7:13,4:42,417,414,1.29,00:00.0,6
Running,9/27/18 16:41,Baltimore Running,11.02,561,1:16:20,126,145,176,204,6:55,3:52,"1,046","1,039",1.32,00:00.0,12
Running,9/26/18 17:23,Baltimore Running,2.12,163,0:14:48,137,161,176,186,6:59,5:48,139,133,1.31,00:00.0,3
Running,9/26/18 9:52,Baltimore Running,5.13,371,0:39:15,132,151,172,180,7:39,5:31,548,539,1.22,00:00.0,6
Running,9/25/18 17:40,Baltimore Running,1.95,192,0:16:02,144,156,170,190,8:14,6:48,241,227,1.15,00:00.0,2
Running,9/25/18 17:27,Baltimore Running,0.95,84,05:18.3,181,195,180,200,5:34,4:45,40,39,1.61,00:00.0,1
Running,9/25/18 17:21,Baltimore Running,0.95,84,05:20.9,180,190,182,198,5:36,4:52,49,47,1.58,00:00.0,1
Running,9/25/18 17:15,Baltimore Running,0.96,85,05:16.2,182,201,182,202,5:30,4:41,40,39,1.61,00:00.0,1
Running,9/25/18 17:08,Baltimore Running,0.95,81,05:09.0,180,187,186,202,5:25,4:31,40,39,1.6,00:00.0,1
Running,9/25/18 17:02,Baltimore Running,0.96,72,05:04.4,166,183,188,208,5:16,3:58,42,41,1.63,00:00.0,1
Running,9/25/18 16:30,Baltimore Running,2.48,184,0:16:32,138,160,178,190,6:40,5:14,276,298,1.35,00:00.0,3
Running,9/24/18 16:40,Baltimore Running,10.05,725,1:03:48,149,183,180,192,6:21,4:06,651,662,1.42,00:00.0,11
Running,9/23/18 9:12,Baltimore Running,17.25,818,1:53:00,131,158,178,194,6:33,4:46,"1,041","1,055",1.38,00:00.0,18
Running,9/22/18 10:31,Running,7,--,0:47:00,--,--,--,--,6:43,--,--,--,0,00:00.0,1
Running,9/22/18 9:42,West Pennsboro Running,2.37,221,0:17:03,152,181,174,190,7:11,5:13,138,148,1.29,00:00.0,3
Running,9/21/18 16:28,Baltimore Running,6.07,434,0:45:28,136,154,172,210,7:29,6:10,315,307,1.24,00:00.0,7
Running,9/20/18 16:37,Baltimore Running,8.99,570,1:06:41,133,163,172,210,7:25,4:12,563,559,1.25,00:00.0,9
Running,9/19/18 15:21,Baltimore Running,6.83,466,0:49:56,136,153,176,184,7:19,5:22,434,447,1.25,00:00.0,7
Running,9/18/18 17:54,Baltimore Running,1.16,114,0:10:23,137,149,170,176,8:59,7:33,74,37,1.05,00:00.0,2
Running,9/18/18 17:44,Baltimore Running,0.5,50,03:24.8,168,187,174,202,6:46,4:03,8,14,1.37,00:00.0,1
Running,9/18/18 17:36,Baltimore Running,1.02,81,05:20.2,178,189,182,192,5:13,4:55,32,36,1.69,00:00.0,2
Running,9/18/18 17:26,Baltimore Running,1.52,129,08:10.1,180,189,182,186,5:22,4:52,41,48,1.65,00:00.0,2
Running,9/18/18 17:17,Baltimore Running,1.54,120,07:49.2,179,188,186,192,5:05,4:54,42,49,1.71,00:00.0,2
Running,9/18/18 17:06,Baltimore Running,1.8,137,09:34.3,165,182,184,212,5:20,4:00,54,61,1.64,00:00.0,2
Running,9/18/18 16:41,Baltimore Running,2.07,135,0:13:43,131,161,178,190,6:37,4:48,78,113,1.37,00:00.0,3
Running,9/17/18 16:31,Baltimore Running,10.05,758,1:02:55,151,172,178,192,6:16,4:53,823,813,1.44,00:00.0,11
Running,9/16/18 11:43,Philadelphia Running,17,"1,238",1:53:37,151,179,176,186,6:41,4:59,"1,198","1,198",1.37,00:00.0,18
Running,9/15/18 17:01,Philadelphia Running,10.09,626,1:12:58,133,154,172,180,7:14,4:54,335,334,1.29,00:00.0,11
Running,9/14/18 8:21,Baltimore Running,1.75,140,0:15:08,129,146,172,182,8:38,6:11,143,53,1.09,00:00.0,2
Running,9/14/18 7:40,Baltimore Running,5.42,398,0:29:36,165,190,184,192,5:28,4:48,48,52,1.61,00:00.0,6
Running,9/14/18 7:05,Baltimore Running,2.39,156,0:17:04,129,160,174,188,7:08,4:49,57,146,1.3,00:00.0,3
Running,9/13/18 16:40,Baltimore Running,9.26,564,1:08:22,133,155,174,182,7:23,5:57,549,542,1.26,00:00.0,10
Running,9/12/18 9:18,Baltimore Running,10.01,749,1:07:53,148,172,176,188,6:47,5:26,859,851,1.35,00:00.0,11
Running,9/10/18 16:39,Baltimore Running,11,721,1:08:35,146,169,178,198,6:14,4:20,453,447,1.45,00:00.0,12
Running,9/9/18 10:17,Baltimore Running,17.71,"1,458",1:56:07,150,177,178,192,6:33,4:10,"1,067","1,073",1.39,00:00.0,18
Running,9/8/18 10:08,Running,10,--,1:06:00,--,--,--,--,6:36,--,--,--,0,00:00.0,1
Running,9/7/18 21:24,Running,7,--,0:50:00,--,--,--,--,7:09,--,--,--,0,00:00.0,1
Running,9/6/18 16:46,Baltimore Running,10.04,946,1:12:10,150,180,176,216,7:11,4:23,810,808,1.27,00:00.0,11
Running,9/5/18 17:29,Baltimore Running,11.19,964,1:19:03,145,178,176,186,7:04,5:50,591,582,1.3,00:00.0,12
Running,9/4/18 17:36,Baltimore Running,3.27,290,0:23:53,139,158,174,182,7:18,5:56,336,343,1.26,00:00.0,4
Running,9/4/18 8:18,Baltimore Running,0.56,63,05:30.8,131,166,166,180,9:48,6:58,64,120,0.99,00:00.0,1
Running,9/4/18 8:06,Baltimore Running,0.48,43,02:43.1,173,189,184,196,5:42,4:47,29,26,1.54,00:00.0,1
Running,9/4/18 8:01,Baltimore Running,0.47,43,02:44.0,170,184,184,192,5:46,4:48,14,14,1.52,00:00.0,1
Running,9/4/18 7:35,Baltimore Running,3.26,304,0:18:38,175,192,184,208,5:43,4:12,438,436,1.53,00:00.0,4
Running,9/4/18 7:04,Baltimore Running,2.41,183,0:17:11,130,184,178,192,7:07,4:54,219,268,1.27,00:00.0,3
Running,9/3/18 18:35,Baltimore Running,2.99,282,0:24:57,131,172,172,178,8:20,6:26,191,190,1.12,00:00.0,3
Running,9/3/18 17:10,Baltimore Running,7.01,557,0:48:42,145,187,178,192,6:57,5:21,392,385,1.31,00:00.0,8
Running,9/2/18 10:13,Baltimore Running,17.06,"1,619",1:56:08,157,184,176,192,6:48,4:43,"1,036","1,030",1.34,00:00.0,18
Cardio,9/1/18 12:43,Cardio,0,1,01:02.3,56,59,--,--,--,--,--,--,0,00:00.0,1
Running,9/1/18 12:03,Baltimore Running,0.97,87,08:01.6,126,144,170,178,8:19,5:51,19,19,1.14,00:00.0,1
Running,9/1/18 10:39,Baltimore Running,9.31,715,1:09:22,133,164,172,194,7:27,5:07,833,830,1.25,00:00.0,10
Running,8/30/18 16:46,Baltimore Running,10.11,797,1:16:20,134,151,174,186,7:33,5:40,530,520,1.22,00:00.0,11
Running,8/30/18 9:56,Baltimore Running,4.03,362,0:30:37,136,176,174,180,7:36,5:43,495,486,1.22,00:00.0,5
Running,8/29/18 9:39,Baltimore County Running,10.17,868,1:05:12,153,186,178,194,6:25,4:37,781,794,1.41,00:00.0,11
Running,8/28/18 16:02,Baltimore Running,4.01,358,0:31:53,132,151,174,182,7:58,6:46,470,466,1.17,00:00.0,5
Running,8/28/18 8:17,Baltimore Running,2.69,284,0:24:40,133,147,168,194,9:10,4:05,161,113,1.04,00:00.0,3
Running,8/28/18 8:00,Baltimore Running,2.07,166,09:39.3,179,193,194,212,4:39,4:17,57,64,1.79,00:00.0,3
Running,8/28/18 7:22,Baltimore Running,1.99,162,0:14:05,132,163,180,192,7:05,4:54,88,128,1.26,00:00.0,2
Running,8/27/18 17:02,Baltimore Running,10.03,944,1:10:40,148,169,176,186,7:03,5:10,537,530,1.3,00:00.0,11
Running,8/26/18 9:26,Howard County Running,17.09,"1,492",1:54:54,149,182,176,194,6:43,4:56,685,690,1.36,00:00.0,18
Running,8/25/18 16:22,Baltimore Running,2.61,217,0:19:56,129,143,174,182,7:38,6:53,151,165,1.21,00:00.0,3
Running,8/25/18 16:07,Baltimore Running,0.43,43,03:37.8,132,154,174,180,8:22,4:12,3,43,1.11,00:00.0,1
Running,8/25/18 10:46,Baltimore Running,10.97,883,1:17:47,139,170,176,204,7:06,4:04,819,834,1.29,00:00.0,11
Running,8/24/18 10:38,Running,2.4,--,0:17:00,--,--,--,--,7:05,--,--,--,0,00:00.0,1
Running,8/24/18 9:58,Baltimore Running,1.85,197,0:15:41,138,148,172,180,8:28,7:32,155,62,1.1,00:00.0,2
Running,8/24/18 9:18,Baltimore Running,5.46,471,0:28:36,174,186,184,196,5:15,4:45,65,68,1.67,00:00.0,6
Running,8/23/18 11:04,Wicomico County Running,10.01,771,1:07:50,137,178,176,192,6:47,5:47,32,34,1.35,00:00.0,11
Running,8/22/18 16:32,Baltimore Running,11,865,1:16:52,139,174,176,202,6:59,3:57,927,922,1.31,00:00.0,12
Running,8/21/18 16:42,Baltimore Running,3.98,329,0:27:47,137,156,178,190,6:59,6:07,202,195,1.3,00:00.0,4
Running,8/21/18 11:06,Baltimore Running,1.88,190,0:17:12,130,157,168,176,9:09,7:20,202,208,1.04,00:00.0,2
Running,8/21/18 10:36,Baltimore Running,2.3,217,0:13:13,176,186,182,194,5:44,4:31,172,172,1.54,00:00.0,3
Running,8/21/18 10:20,Baltimore Running,2.31,204,0:12:50,172,187,184,198,5:34,4:47,172,172,1.58,00:00.0,3
Running,8/21/18 9:49,Baltimore Running,2.8,233,0:19:31,137,168,178,194,6:59,1:02,262,266,1.29,00:00.0,3
Running,8/20/18 9:50,Baltimore Running,10.99,888,1:08:39,154,173,180,194,6:15,4:39,541,542,1.42,00:00.0,11
Running,8/19/18 9:18,Baltimore Running,16.66,"1,324",1:58:59,145,167,176,190,7:08,5:52,"1,000",991,1.28,00:00.0,17
Running,8/18/18 16:18,Baltimore Running,5.05,442,0:35:32,144,164,176,184,7:02,5:41,259,249,1.3,00:00.0,6
Running,8/18/18 10:37,Baltimore Running,1.32,158,0:12:04,146,158,168,174,9:09,5:31,196,161,1.05,00:00.0,2
Running,8/18/18 9:53,Baltimore Running,5.95,585,0:35:01,177,192,180,196,5:53,4:57,297,257,1.52,00:00.0,6
Running,8/18/18 9:31,Baltimore Running,2.07,180,0:14:51,137,170,178,198,7:11,5:20,214,250,1.26,00:00.0,3
Cardio,8/17/18 15:08,Cardio,0,1,00:35.8,69,77,172,172,0.4,7.9,--,--,0.06,00:00.0,1
Running,8/17/18 11:29,Baltimore Running,2.2,228,0:16:55,148,161,172,182,7:40,6:34,172,179,1.21,00:00.0,3
Running,8/17/18 10:21,Baltimore Running,7.71,739,0:55:44,148,167,176,190,7:14,5:59,592,586,1.26,00:00.0,8
Running,8/16/18 17:00,Baltimore Running,10.01,927,1:08:57,150,168,176,190,6:54,5:35,869,858,1.32,00:00.0,11
Running,8/15/18 16:50,Baltimore Running,11.2,"1,024",1:18:37,149,173,176,190,7:01,5:54,984,974,1.3,00:00.0,12
Running,8/14/18 18:11,Baltimore Running,11.06,961,1:08:37,158,180,180,196,6:12,4:57,580,574,1.45,00:00.0,12
Running,8/13/18 16:17,Cherry Hill Running,17,"1,654",2:00:00,154,194,174,186,7:04,4:58,470,476,1.31,00:00.0,17
Running,8/12/18 16:32,Cherry Hill Running,3,286,0:22:00,140,157,174,182,7:20,6:30,104,104,1.26,00:00.0,3
Running,8/12/18 8:06,Cherry Hill Running,9.5,802,1:05:49,141,163,176,186,6:56,5:24,340,340,1.32,00:00.0,10
Running,8/11/18 12:40,Cherry Hill Running,11,905,1:18:34,138,174,174,182,7:08,6:10,317,320,1.29,00:00.0,12
Running,8/10/18 19:02,Cherry Hill Running,8.4,679,1:01:33,134,154,174,180,7:20,5:53,261,264,1.27,00:00.0,9
Running,8/10/18 11:36,Cherry Hill Running,5.16,493,0:38:39,141,165,174,182,7:30,6:39,203,207,1.23,00:00.0,6
Running,8/9/18 19:21,Cherry Hill Running,11.01,943,1:19:03,141,169,174,182,7:11,6:01,494,490,1.29,00:00.0,12
Running,8/8/18 8:42,Exeter Running,3.56,343,0:36:49,123,154,164,180,10:21,6:40,376,373,0.95,00:00.0,4
Running,8/7/18 17:40,Rye Running,11.07,978,1:21:07,142,173,174,182,7:19,6:10,128,128,1.27,00:00.0,12
Running,8/6/18 18:50,New Castle Running,12.08,"1,011",1:26:07,140,160,174,182,7:08,5:25,394,392,1.3,00:00.0,13
Running,8/5/18 19:39,Cherry Hill Running,10.01,890,1:07:34,149,171,174,180,6:45,5:34,314,311,1.37,00:00.0,11
Running,8/4/18 8:49,Boulder County Running,8.01,771,0:56:47,152,176,174,182,7:05,5:09,964,955,1.31,00:00.0,9
Running,8/3/18 17:06,Denver Running,10.03,903,1:08:06,149,166,174,182,6:48,4:10,194,191,1.35,00:00.0,11
Running,8/2/18 16:13,Denver Running,8,733,0:53:19,153,192,178,196,6:40,1:29,105,105,1.35,00:00.0,8
Running,8/2/18 10:19,Denver Running,4,347,0:28:36,136,155,176,182,7:09,0:47,67,67,1.28,00:00.0,5
Running,8/1/18 18:34,Denver Running,2.92,246,0:20:38,135,148,174,180,7:03,0:42,42,43,1.31,00:00.0,3
Running,8/1/18 10:11,Denver Running,10.21,906,1:09:53,148,160,174,182,6:51,1:27,167,167,1.35,00:00.0,11
Running,7/31/18 10:39,Jefferson County Running,10.29,956,1:18:17,146,171,172,182,7:36,5:43,"1,203","1,521",1.22,00:00.0,11
Running,7/30/18 19:38,Denver Running,9.3,788,1:04:58,142,160,174,180,6:59,2:44,237,237,1.33,00:00.0,10
Running,7/29/18 16:05,Baltimore Running,3.9,335,0:28:46,135,154,176,184,7:23,5:44,303,83,1.25,00:00.0,4
Running,7/28/18 15:27,Baltimore Running,4,336,0:29:56,132,146,176,188,7:29,6:18,244,241,1.22,00:00.0,4
Running,7/28/18 9:06,Baltimore Running,9.45,872,1:11:42,142,166,174,184,7:35,5:05,864,872,1.22,00:00.0,10
Running,7/27/18 19:06,Baltimore Running,9.27,717,1:07:08,135,154,174,184,7:15,5:43,727,733,1.28,00:00.0,10
Running,7/26/18 18:41,Baltimore Running,12,"1,021",1:24:42,144,166,176,184,7:04,5:57,622,619,1.3,00:00.0,12
Running,7/25/18 19:42,Baltimore Running,2.73,255,0:20:51,140,159,174,182,7:38,6:02,284,198,1.22,00:00.0,3
Running,7/25/18 19:09,Baltimore Running,5,472,0:28:56,172,187,180,192,5:47,4:46,447,479,1.53,00:00.0,5
Running,7/25/18 18:50,Baltimore Running,2.22,191,0:15:41,135,153,176,186,7:04,6:14,220,240,1.28,00:00.0,3
Running,7/24/18 18:23,Baltimore Running,10.07,861,1:12:16,141,156,174,184,7:10,3:58,657,652,1.28,00:00.0,11
Running,7/23/18 19:47,Baltimore Running,1.72,167,0:12:58,138,148,168,176,7:33,6:52,29,27,1.27,00:00.0,2
Running,7/23/18 18:29,Baltimore Running,9.31,857,0:57:13,160,188,178,188,6:09,5:03,426,426,1.48,00:00.0,10
Running,7/23/18 18:11,Baltimore Running,0.28,22,02:12.7,117,134,176,182,7:48,1:56,35,--,1.17,00:00.0,1
Running,7/22/18 9:24,Ocean City Running,16,"1,395",1:55:37,143,174,176,184,7:14,5:46,145,145,1.28,00:00.0,16
Running,7/21/18 18:27,Ocean City Running,3.04,231,0:21:11,129,150,176,184,6:58,4:38,12,12,1.31,00:00.0,4
Running,7/21/18 8:46,Cherry Hill Running,10,837,1:11:26,140,156,176,192,7:09,5:15,221,224,1.28,00:00.0,10
Running,7/20/18 17:59,Baltimore Running,8,688,0:56:41,141,156,174,182,7:05,3:39,433,437,1.31,00:00.0,8
Running,7/19/18 18:42,Baltimore Running,10.01,814,1:15:24,136,160,172,182,7:32,4:49,884,850,1.24,00:00.0,11
Running,7/18/18 19:16,Baltimore Running,4.49,439,0:34:28,144,156,174,180,7:40,6:18,193,104,1.21,00:00.0,5
Running,7/18/18 19:04,Baltimore Running,2.01,150,0:10:31,155,168,182,194,5:14,4:49,16,14,1.69,00:00.0,3
Running,7/18/18 18:57,Baltimore Running,1.01,63,05:15.2,134,143,186,194,5:13,4:55,10,5,1.66,00:00.0,2
Running,7/18/18 18:27,Baltimore Running,2.51,210,0:18:02,132,144,174,192,7:11,2:53,110,157,1.29,00:00.0,3
Running,7/17/18 16:47,Baltimore Running,4.09,359,0:28:23,142,160,172,180,6:57,5:41,246,257,1.34,00:00.0,5
Running,7/17/18 7:46,Baltimore Running,10,923,1:16:12,141,172,174,184,7:37,6:17,693,688,1.22,00:00.0,10
Running,7/15/18 8:30,Running,15,--,1:48:00,--,--,--,--,7:12,--,--,--,0,00:00.0,1
Running,7/14/18 18:16,Running,10.5,--,1:17:00,--,--,--,--,7:20,--,--,--,0,00:00.0,1
Running,7/13/18 19:25,Running,8,--,0:58:00,--,--,--,--,7:15,--,--,--,0,00:00.0,1
Running,7/12/18 19:33,Baltimore Running,7.97,674,0:59:25,137,156,174,182,7:27,6:33,610,568,1.24,00:00.0,8
Running,7/12/18 19:01,Baltimore Running,2.16,179,0:15:24,134,152,174,182,7:08,3:05,96,96,1.3,00:00.0,3
Running,7/11/18 20:19,Baltimore Running,2.08,186,0:15:53,135,148,172,180,7:39,6:23,119,126,1.23,00:00.0,3
Running,7/11/18 18:52,Baltimore Running,7.43,623,0:56:32,138,162,176,184,7:36,6:24,772,818,1.21,00:00.0,8
Running,7/10/18 19:08,Baltimore Running,5.17,496,0:41:09,142,172,172,180,7:58,5:48,405,322,1.17,00:00.0,6
Running,7/10/18 18:56,Baltimore Running,2.01,170,0:10:42,171,185,182,190,5:20,5:04,14,11,1.66,00:00.0,3
Running,7/10/18 18:46,Baltimore Running,0.33,31,02:21.8,141,154,174,186,7:16,6:05,--,--,1.27,00:00.0,1
Running,7/10/18 18:26,Baltimore Running,2.51,195,0:16:42,133,164,176,192,6:39,3:41,107,154,1.37,00:00.0,3
Running,7/9/18 18:44,Baltimore Running,11,964,1:19:06,142,162,174,182,7:11,4:27,926,929,1.29,00:00.0,12
Running,7/8/18 11:12,Baltimore County Running,14.98,"1,310",1:40:56,151,175,174,182,6:44,5:22,"1,088","1,077",1.38,00:00.0,15
Running,7/7/18 11:53,Howard County Running,8.48,938,1:12:50,150,185,170,228,8:36,3:37,"1,262","1,255",1.1,00:00.0,9
Running,7/6/18 18:08,Baltimore Running,6.18,527,0:46:01,137,156,172,184,7:27,5:28,315,318,1.25,00:00.0,7
Running,7/6/18 17:39,Baltimore Running,1.97,156,0:14:37,127,148,174,180,7:24,6:10,140,147,1.25,00:00.0,2
Running,7/5/18 17:45,Baltimore Running,7.55,614,0:57:40,133,156,176,184,7:38,4:38,376,365,1.2,00:00.0,8
Running,7/4/18 10:29,Baltimore Running,9.5,925,1:16:41,142,161,174,180,8:04,6:16,--,--,1.15,00:00.0,10
Running,7/3/18 21:14,Baltimore Running,5.23,506,0:38:43,145,158,174,180,7:24,6:06,399,385,1.25,00:00.0,6
Running,7/3/18 21:05,Baltimore Running,1,78,05:22.2,160,175,184,190,5:23,4:55,22,34,1.63,00:00.0,1
Running,7/3/18 20:57,Baltimore Running,1.01,78,05:23.4,162,186,184,208,5:21,4:42,37,26,1.63,00:00.0,2
Running,7/3/18 20:26,Baltimore Running,2.75,249,0:21:24,134,164,172,190,7:48,5:07,296,280,1.2,00:00.0,3
Running,7/2/18 18:23,Baltimore Running,8.99,886,1:04:41,152,167,174,184,7:12,5:00,507,514,1.28,00:00.0,9
Running,7/1/18 19:13,Baltimore Running,13.11,"1,135",1:34:27,146,166,172,180,7:12,5:45,804,766,1.3,00:00.0,14
Running,6/30/18 18:04,Baltimore Running,9,846,1:04:06,151,186,172,194,7:07,4:08,540,540,1.31,00:00.0,10
Running,6/29/18 18:26,Baltimore Running,9.14,844,1:03:23,150,173,174,182,6:56,5:20,573,570,1.34,00:00.0,10
Running,6/28/18 18:42,Baltimore Running,9.99,913,1:14:59,142,164,170,230,7:30,4:02,462,457,1.26,00:00.0,10
Running,6/27/18 17:26,Baltimore Running,8.94,724,1:04:35,138,162,174,186,7:14,5:16,819,820,1.29,00:00.0,9
Running,6/27/18 9:33,Baltimore Running,3.01,256,0:23:07,131,145,174,180,7:41,6:50,186,191,1.21,00:00.0,4
Running,6/26/18 18:56,Baltimore Running,9,789,1:06:20,140,159,172,180,7:22,4:38,671,671,1.27,00:00.0,9
Running,6/25/18 18:27,Baltimore Running,10.02,899,1:09:24,148,168,174,182,6:56,2:28,719,712,1.34,00:00.0,11
Running,6/24/18 16:49,Baltimore Running,12.01,"1,112",1:25:12,151,180,172,182,7:06,2:46,821,835,1.32,00:00.0,13
Running,6/23/18 16:47,Cherry Hill Running,2,167,0:15:30,128,144,172,180,7:45,6:01,91,96,1.2,00:00.0,3
Running,6/22/18 21:33,Cherry Hill Running,8,649,0:54:36,142,163,170,182,6:49,5:43,312,305,1.39,00:00.0,9
Running,6/21/18 17:04,Baltimore Running,9,840,1:03:08,155,172,172,180,7:01,5:33,575,577,1.33,00:00.0,10
Running,6/19/18 18:56,Baltimore Running,9,794,1:05:39,145,179,172,182,7:18,6:05,721,720,1.28,00:00.0,9
Running,6/18/18 18:31,Baltimore Running,8.04,719,1:02:55,140,160,170,180,7:50,4:57,424,423,1.2,00:00.0,9
Running,6/17/18 8:17,Philadelphia Running,10.92,"1,006",1:14:10,157,169,176,182,6:47,5:04,276,281,1.35,00:00.0,11
Running,6/16/18 19:21,Philadelphia Running,7.96,711,0:54:10,151,168,172,178,6:48,3:02,198,202,1.37,00:00.0,8
Running,6/15/18 18:38,Baltimore Running,7.95,672,0:57:26,142,160,172,180,7:13,5:54,325,328,1.29,00:00.0,8
Running,6/14/18 19:01,Baltimore Running,8,718,0:58:17,147,170,170,182,7:17,5:50,398,396,1.29,00:00.0,8
Running,6/13/18 18:16,Baltimore Running,8.49,869,1:00:38,163,183,172,182,7:09,4:47,872,827,1.31,00:00.0,9
Running,6/12/18 18:44,Baltimore Running,7.96,613,0:51:56,149,170,176,186,6:31,5:34,440,447,1.4,00:00.0,8
Running,6/11/18 18:28,Baltimore Running,6.46,548,0:44:33,148,171,172,182,6:54,5:52,449,444,1.36,00:00.0,7
Running,6/9/18 15:50,Baltimore Running,6.99,648,0:47:56,159,186,174,182,6:51,5:41,419,421,1.34,00:00.0,7
Running,6/8/18 18:15,Baltimore Running,7,673,0:49:18,159,177,172,182,7:03,5:54,701,710,1.33,00:00.0,8
Running,6/7/18 18:16,Baltimore Running,6,553,0:46:07,143,163,168,178,7:41,6:40,492,495,1.24,00:00.0,7
Running,6/5/18 18:36,Baltimore Running,5.2,439,0:36:47,146,163,170,180,7:05,5:39,302,297,1.33,00:00.0,6
Running,6/4/18 18:41,Baltimore Running,6.03,523,0:42:19,150,168,170,182,7:01,6:02,555,545,1.35,00:00.0,7
Running,6/3/18 18:09,Baltimore Running,7.96,808,0:55:33,170,184,170,182,6:59,4:34,669,679,1.35,00:00.0,8
Running,6/1/18 18:37,Baltimore Running,6.03,575,0:42:24,159,175,170,180,7:02,5:39,382,387,1.35,00:00.0,7
Running,5/31/18 18:37,Baltimore Running,5.98,566,0:45:17,149,175,168,246,7:34,6:05,322,322,1.27,00:00.0,6
Running,5/30/18 18:30,Baltimore Running,4.15,383,0:30:28,147,164,168,176,7:20,5:54,180,177,1.3,00:00.0,5
Running,5/29/18 18:53,Baltimore Running,4.02,314,0:29:32,150,173,170,178,7:21,6:16,197,204,1.29,00:00.0,5