,Activity Type,Date,Title,Distance,Calories,Time,Avg HR,Max HR,Avg Run Cadence,Max Run Cadence,Avg Pace,Best Pace,Elev Gain,Elev Loss,Avg Stride Length
0,Running,2020-07-15 09:41:00,Cherry Hill Running,6.0,530.0,43,141,160,176,182,7:19,6:20,169,173,1.26
1,Running,2020-07-14 17:45:00,Cherry Hill Running,6.5,587.0,47,144,160,172,182,7:14,6:35,183,187,1.29
2,Running,2020-07-13 18:57:00,Cherry Hill Running,5.01,392.0,40,128,151,170,180,8:05,5:49,124,124,1.17
3,Running,2020-07-12 18:44:00,Cherry Hill Running,7.01,633.0,52,142,157,172,180,7:33,5:00,215,219,1.24
4,Running,2020-07-11 19:35:00,Cherry Hill Running,5.19,419.0,41,129,143,170,178,8:01,6:48,76,80,1.18
5,Running,2020-07-10 17:54:00,Ocean City Running,6.51,539.0,45,140,155,170,176,7:02,5:55,16,16,1.35
6,Running,2020-07-09 19:02:00,Ocean City Running,5.01,448.0,35,146,159,172,180,7:02,2:04,7,7,1.33
7,Running,2020-07-08 18:13:00,Ocean City Running,5.0,458.0,35,147,172,172,186,7:06,5:18,20,20,1.32
8,Running,2020-07-06 09:43:00,Ocean City Running,6.0,542.0,42,146,167,174,182,7:05,4:24,25,25,1.3
9,Running,2020-07-05 18:08:00,Ocean City Running,3.11,240.0,25,125,144,170,176,8:04,6:22,23,23,1.17
10,Running,2020-07-04 07:56:00,Ocean City Running,5.52,396.0,44,125,145,172,182,8:07,7:02,19,19,1.16
11,Running,2020-07-03 18:16:00,Ocean City Running,5.0,466.0,35,149,163,172,182,7:02,5:49,44,44,1.32
12,Running,2020-07-02 20:21:00,Ocean City Running,4.01,325.0,32,129,141,168,176,8:03,6:57,39,39,1.19
13,Running,2020-07-01 16:29:00,Cherry Hill Running,5.56,495.0,39,146,167,172,184,7:09,5:57,199,204,1.31
14,Running,2020-06-29 18:56:00,Cherry Hill Running,7.0,670.0,52,147,163,170,178,7:32,6:25,233,237,1.25
15,Running,2020-06-28 19:21:00,Cherry Hill Running,5.31,447.0,44,133,152,168,178,8:18,7:00,221,217,1.15
16,Running,2020-06-27 17:27:00,Cherry Hill Running,6.38,584.0,49,141,160,170,178,7:42,4:08,198,204,1.23
17,Running,2020-06-26 18:22:00,Cherry Hill Running,5.0,431.0,39,136,154,172,180,7:49,7:05,137,139,1.2
18,Running,2020-06-25 17:47:00,Cherry Hill Running,7.0,639.0,50,147,162,172,180,7:09,6:14,205,213,1.32
19,Running,2020-06-24 18:13:00,Cherry Hill Running,6.0,543.0,47,139,160,172,178,7:51,6:38,205,200,1.2
20,Running,2020-06-23 18:56:00,Cherry Hill Running,5.14,504.0,37,150,191,170,180,7:21,6:03,138,145,1.28
21,Running,2020-06-21 17:40:00,Chicago Running,6.0,520.0,41,145,157,172,178,6:54,6:07,105,105,1.36
22,Running,2020-06-20 08:58:00,Chicago Running,4.02,328.0,34,127,152,172,178,8:29,6:49,47,47,1.11
23,Running,2020-06-18 17:47:00,Cherry Hill Running,5.0,440.0,39,136,152,170,178,7:57,7:07,169,162,1.18
24,Running,2020-06-17 18:02:00,Cherry Hill Running,7.01,625.0,50,146,162,170,178,7:09,5:58,200,207,1.33
25,Running,2020-06-16 09:50:00,Ocean City Running,6.0,576.0,42,151,175,172,178,7:05,6:25,49,49,1.32
26,Running,2020-06-15 18:07:00,Ocean City Running,4.12,283.0,33,120,136,170,180,8:10,6:34,22,22,1.16
27,Running,2020-06-14 10:40:00,Ocean City Running,7.75,582.0,62,130,151,170,182,8:03,3:54,57,57,1.17
28,Running,2020-06-13 18:09:00,Ocean City Running,5.0,430.0,39,135,169,172,178,7:57,1:58,39,39,1.17
29,Running,2020-06-11 18:10:00,Cherry Hill Running,7.0,616.0,50,143,161,172,180,7:16,6:22,220,226,1.29
30,Running,2020-06-10 20:28:00,Cherry Hill Running,5.0,429.0,40,134,153,168,178,8:07,6:55,109,107,1.17
31,Running,2020-06-09 17:42:00,Cherry Hill Running,4.16,373.0,32,139,153,170,176,7:43,6:21,102,105,1.23
32,Running,2020-06-08 18:00:00,Cherry Hill Running,8.46,763.0,61,147,163,172,178,7:15,6:27,279,283,1.3
33,Running,2020-06-07 17:46:00,Cherry Hill Running,5.13,443.0,38,141,163,170,178,7:29,5:06,139,146,1.26
34,Running,2020-06-06 18:39:00,Cherry Hill Running,5.0,465.0,38,145,157,172,182,7:39,5:45,134,136,1.22
35,Running,2020-06-05 16:48:00,Cherry Hill Running,4.77,353.0,38,128,164,170,178,8:09,7:20,75,78,1.17
36,Running,2020-06-04 18:33:00,Cherry Hill Running,5.0,458.0,39,142,154,170,178,7:57,6:59,135,131,1.19
37,Running,2020-06-02 17:50:00,Cherry Hill Running,6.0,558.0,44,140,154,170,180,7:24,4:26,150,155,1.28
38,Running,2020-06-01 18:10:00,Cherry Hill Running,6.0,570.0,42,148,177,172,180,7:01,5:56,195,192,1.33
39,Running,2020-05-31 19:25:00,Cherry Hill Running,4.0,358.0,29,140,150,172,178,7:16,6:20,108,114,1.29
40,Running,2020-05-30 18:49:00,Ocean City Running,6.0,571.0,48,138,151,170,178,8:01,5:25,49,49,1.18
41,Running,2020-05-29 18:32:00,Ocean City Running,6.0,466.0,48,126,159,170,180,8:00,6:24,34,34,1.19
42,Running,2020-05-27 17:55:00,Cherry Hill Running,5.0,506.0,36,155,165,176,182,7:17,6:29,133,138,1.26
43,Running,2020-05-26 17:26:00,Cherry Hill Running,6.0,610.0,42,158,175,174,184,7:04,0:33,180,183,1.31
44,Running,2020-05-25 15:09:00,Cherry Hill Running,6.0,592.0,43,149,173,174,182,7:13,6:19,178,185,1.28
45,Running,2020-05-24 15:25:00,Cherry Hill Running,3.91,375.0,29,142,158,174,180,7:27,6:38,116,122,1.25
46,Running,2020-05-23 17:03:00,Cherry Hill Running,3.57,296.0,25,132,142,174,180,7:10,5:33,96,101,1.29
47,Running,2020-05-22 17:49:00,Cherry Hill Running,5.3,498.0,40,140,158,174,180,7:42,6:45,146,150,1.2
48,Running,2020-05-21 17:19:00,Cherry Hill Running,6.0,609.0,45,149,161,172,180,7:35,6:24,183,185,1.23
49,Running,2020-05-19 17:42:00,Cherry Hill Running,6.0,561.0,44,143,150,172,180,7:20,6:11,189,193,1.27
50,Running,2020-05-18 18:07:00,Cherry Hill Running,3.0,274.0,23,135,148,172,180,7:58,7:04,87,82,1.18
51,Running,2020-05-17 17:11:00,Cherry Hill Running,6.22,584.0,45,147,160,168,176,7:22,6:28,191,192,1.29
52,Running,2020-05-15 17:06:00,Cherry Hill Running,2.59,256.0,20,142,158,170,178,8:05,6:54,92,95,1.16
53,Running,2020-05-14 17:11:00,Cherry Hill Running,6.15,602.0,47,146,166,170,176,7:44,7:00,208,213,1.23
54,Running,2020-05-12 16:54:00,Cherry Hill Running,5.01,477.0,37,146,158,170,180,7:32,6:50,142,134,1.25
55,Running,2020-05-11 17:10:00,Cherry Hill Running,6.08,629.0,45,155,161,170,178,7:32,6:18,189,195,1.26
56,Running,2020-05-10 18:25:00,Cherry Hill Running,4.0,396.0,30,148,159,170,198,7:35,6:51,144,148,1.24
57,Running,2020-05-08 17:39:00,Cherry Hill Running,3.1,315.0,24,145,155,174,178,7:55,7:18,76,84,1.17
58,Running,2020-05-07 17:00:00,Cherry Hill Running,5.5,525.0,38,153,173,170,178,7:04,6:31,182,186,1.33
59,Running,2020-05-05 17:37:00,Cherry Hill Running,5.0,471.0,36,146,157,170,178,7:21,6:37,130,133,1.28
60,Running,2020-05-04 16:55:00,Cherry Hill Running,5.01,516.0,37,152,161,170,178,7:35,6:59,148,152,1.26
61,Running,2020-05-01 15:03:00,Cherry Hill Running,5.35,534.0,39,151,169,170,178,7:21,6:38,137,143,1.28
62,Running,2020-04-29 16:59:00,Cherry Hill Running,5.43,523.0,40,146,172,170,176,7:29,6:25,133,136,1.26
63,Running,2020-04-28 17:03:00,Cherry Hill Running,5.0,492.0,37,147,160,168,176,7:32,6:48,164,167,1.26
64,Running,2020-04-27 16:43:00,Cherry Hill Running,5.01,414.0,36,136,166,170,180,7:18,6:30,144,149,1.3
65,Running,2020-04-25 17:25:00,Cherry Hill Running,7.0,718.0,52,154,181,170,178,7:33,4:58,269,261,1.26
66,Running,2020-04-23 16:38:00,Cherry Hill Running,4.0,372.0,30,139,160,168,176,7:36,6:45,118,124,1.26
67,Running,2020-04-21 17:10:00,Cherry Hill Running,4.12,391.0,31,142,161,170,176,7:37,6:07,171,177,1.24
68,Running,2020-04-20 17:46:00,Cherry Hill Running,6.0,614.0,44,151,166,170,176,7:27,6:40,214,208,1.27
69,Running,2020-04-19 16:48:00,Cherry Hill Running,3.19,317.0,24,143,152,170,176,7:42,6:29,93,98,1.23
70,Running,2020-04-17 17:20:00,Cherry Hill Running,3.02,294.0,22,145,157,172,178,7:23,6:25,113,106,1.27
71,Running,2020-04-16 17:34:00,Cherry Hill Running,4.33,377.0,30,141,151,172,188,7:06,5:26,146,150,1.31
72,Running,2020-04-15 14:58:00,Cherry Hill Running,3.04,289.0,22,144,168,170,176,7:33,6:40,97,103,1.26
73,Running,2020-04-14 17:22:00,Cherry Hill Running,5.09,489.0,36,155,173,170,178,7:14,5:13,135,139,1.32
74,Running,2020-04-12 11:02:00,Cherry Hill Running,6.01,608.0,46,152,170,168,174,7:45,6:48,191,186,1.24
75,Running,2020-04-10 16:56:00,Cherry Hill Running,3.01,284.0,23,143,152,170,180,7:44,5:50,112,118,1.23
76,Running,2020-04-09 18:01:00,Cherry Hill Running,3.3,306.0,25,144,158,172,180,7:41,6:25,100,107,1.22
77,Running,2020-04-08 16:18:00,Cherry Hill Running,4.0,409.0,31,151,162,170,178,7:54,7:04,132,135,1.2
78,Running,2020-04-07 17:30:00,Cherry Hill Running,4.42,437.0,33,151,162,168,174,7:40,4:01,188,173,1.25
79,Running,2020-04-04 16:27:00,Cherry Hill Running,5.42,540.0,42,148,173,170,178,7:56,5:36,174,181,1.19
80,Running,2020-04-02 16:13:00,Cherry Hill Running,3.7,319.0,28,137,148,170,176,7:37,6:23,81,88,1.25
81,Running,2020-04-01 16:44:00,Cherry Hill Running,4.28,400.0,32,148,175,168,174,7:40,6:28,106,111,1.25
82,Running,2020-03-31 17:22:00,Cherry Hill Running,4.8,496.0,39,152,161,170,180,8:09,7:02,146,150,1.17
83,Running,2020-03-29 16:27:00,Cherry Hill Running,4.0,383.0,29,157,183,170,176,7:21,6:18,143,149,1.29
84,Running,2020-03-27 15:46:00,Cherry Hill Running,3.02,285.0,22,156,168,170,176,7:24,6:25,86,91,1.28
85,Running,2020-03-26 16:47:00,Cherry Hill Running,4.63,464.0,36,156,175,168,176,7:51,6:49,149,155,1.22
86,Running,2020-03-25 17:08:00,Cherry Hill Running,2.02,189.0,15,146,153,170,180,7:47,6:21,89,79,1.22
87,Running,2020-03-24 18:07:00,Cherry Hill Running,3.1,316.0,23,161,176,168,174,7:41,6:30,79,85,1.25
88,Running,2020-03-22 17:26:00,Cherry Hill Running,3.03,316.0,23,160,169,168,176,7:43,7:01,79,85,1.24
89,Running,2020-03-20 16:02:00,Cherry Hill Running,2.0,208.0,15,155,162,170,176,7:52,7:19,46,52,1.21
90,Running,2020-03-19 16:58:00,Cherry Hill Running,3.5,365.0,26,159,176,168,176,7:36,6:43,101,101,1.26
91,Running,2020-03-18 17:11:00,Cherry Hill Running,1.2,58.0,558,102,140,170,178,7:46,5:43,19,3,1.21
92,Running,2020-02-22 10:19:00,Chicago Running,4.0,379.0,29,151,174,170,176,7:18,4:52,60,59,1.29
93,Running,2020-01-30 12:34:00,Chicago Running,3.0,285.0,22,150,164,172,178,7:22,2:24,54,52,1.27
94,Running,2019-11-16 11:26:00,Chicago Running,3.1,281.0,21,149,157,174,180,7:04,5:22,46,46,1.32
95,Running,2019-11-03 15:38:00,Chicago Running,5.58,581.0,43,154,164,170,178,7:47,6:29,77,82,1.22
96,Running,2019-11-02 11:25:00,Chicago Running,5.0,530.0,39,151,187,172,180,8:00,4:13,67,68,1.17
97,Running,2019-10-24 17:04:00,Chicago Running,3.18,344.0,24,157,165,172,180,7:36,1:31,31,30,1.23
98,Running,2019-10-19 09:52:00,Chicago Running,4.3,417.0,36,134,151,170,180,8:35,5:54,46,46,1.11
99,Running,2019-10-07 10:37:00,Chicago Running,4.03,388.0,28,152,166,174,182,7:03,4:32,51,52,1.32
100,Running,2019-10-06 12:33:00,Chicago Running,3.1,305.0,23,147,160,174,182,7:25,6:14,48,55,1.25
101,Running,2019-10-03 17:04:00,Chicago Running,2.52,220.0,17,146,179,172,182,6:47,5:13,17,20,1.38
102,Running,2019-10-01 16:46:00,Chicago Running,4.0,400.0,28,152,166,172,180,7:13,4:57,45,45,1.29
103,Running,2019-09-30 12:26:00,Chicago Running,2.5,227.0,17,143,150,176,182,7:02,5:56,21,28,1.3
104,Running,2019-09-28 17:31:00,Chicago Running,4.01,371.0,27,153,166,174,182,6:46,2:52,40,40,1.36
105,Running,2019-09-26 09:12:00,Chicago Running,4.01,379.0,28,149,163,176,184,7:08,6:28,49,53,1.29
106,Running,2019-09-24 18:16:00,Chicago Running,5.01,479.0,35,152,163,174,184,7:02,5:24,64,66,1.31
107,Running,2019-09-23 08:39:00,Chicago Running,3.02,284.0,21,151,163,178,184,6:59,4:20,45,48,1.3
108,Running,2019-09-20 17:08:00,Cherry Hill Running,3.0,293.0,22,142,156,176,184,7:38,6:57,101,106,1.2
109,Running,2019-09-19 18:13:00,Cherry Hill Running,3.22,279.0,22,142,156,174,180,6:52,3:19,43,47,1.34
110,Running,2019-09-18 17:05:00,Cherry Hill Running,5.01,456.0,35,147,161,174,182,7:06,6:28,192,182,1.31
111,Running,2019-09-17 17:47:00,Cherry Hill Running,5.0,475.0,36,152,168,174,182,7:12,6:20,138,142,1.28
112,Running,2019-09-16 17:57:00,Cherry Hill Running,5.01,479.0,37,149,163,174,180,7:28,6:08,163,156,1.25
113,Running,2019-09-15 17:08:00,Cherry Hill Running,4.0,388.0,29,152,176,172,198,7:23,4:32,124,127,1.27
114,Running,2019-09-14 17:10:00,Cherry Hill Running,3.5,345.0,25,152,173,174,180,7:22,6:31,117,109,1.26
115,Running,2019-09-13 15:59:00,Cherry Hill Running,4.0,386.0,28,153,168,172,180,7:14,6:30,100,104,1.3
116,Running,2019-09-11 17:49:00,Cherry Hill Running,3.49,334.0,26,152,171,172,178,7:32,6:29,107,108,1.25
117,Running,2019-09-10 18:26:00,Cherry Hill Running,4.0,376.0,28,156,175,170,178,7:07,6:07,123,119,1.33
118,Running,2019-09-09 17:24:00,Cherry Hill Running,5.0,452.0,36,149,173,170,180,7:17,4:07,179,187,1.31
119,Running,2019-09-08 19:16:00,Cherry Hill Running,4.0,356.0,29,145,156,170,178,7:17,5:57,136,129,1.29
120,Running,2019-09-05 17:55:00,Cherry Hill Running,4.0,371.0,29,148,165,172,180,7:28,5:47,152,143,1.26
121,Running,2019-08-30 11:05:00,Cherry Hill Running,2.04,190.0,15,149,162,174,180,7:26,6:41,63,68,1.25
122,Running,2019-08-28 17:49:00,Ocean City Running,4.5,455.0,35,148,166,168,174,7:59,6:23,13,13,1.2
123,Running,2019-08-24 19:48:00,Cherry Hill Running,0.78,63.0,357,129,150,170,212,7:41,3:59,7,7,1.23
124,Running,2019-08-24 19:27:00,Cherry Hill Running,0.74,74.0,471,121,128,162,168,10:35,8:37,12,12,0.94
125,Running,2019-08-19 08:36:00,Cherry Hill Running,2.45,226.0,19,136,165,170,176,8:07,1:44,29,59,1.17
126,Running,2019-08-16 17:24:00,Cherry Hill Running,4.01,355.0,27,154,174,174,180,6:47,5:21,128,133,1.37
127,Running,2019-08-14 19:23:00,Voorhees Running,4.0,371.0,28,151,173,172,180,7:11,6:17,110,109,1.3
128,Running,2019-08-13 21:05:00,Cherry Hill Running,3.0,261.0,23,136,151,170,178,7:46,6:36,107,112,1.22
129,Running,2019-08-12 19:15:00,Pennsauken Running,6.52,594.0,48,147,162,170,178,7:28,6:34,115,116,1.26
130,Running,2019-08-10 17:24:00,Cherry Hill Running,5.16,471.0,41,141,159,170,180,7:59,6:25,135,142,1.19
131,Running,2019-08-09 19:31:00,Cherry Hill Running,6.26,573.0,46,150,175,170,182,7:24,6:04,306,315,1.27
132,Running,2019-08-08 17:58:00,Cherry Hill Running,3.01,249.0,21,142,171,172,182,7:12,6:03,103,106,1.3
133,Running,2019-08-06 18:19:00,Cherry Hill Running,5.0,452.0,37,146,178,172,180,7:35,6:18,130,134,1.24
134,Running,2019-08-04 18:36:00,Cherry Hill Running,6.5,582.0,46,153,174,172,182,7:14,6:23,262,263,1.29
135,Running,2019-08-03 16:36:00,Anne Arundel County Running,4.0,345.0,27,156,178,172,182,6:51,5:10,73,72,1.36
136,Running,2019-08-02 17:09:00,Anne Arundel County Running,3.68,318.0,30,137,158,168,176,8:18,5:09,97,97,1.15
137,Running,2019-07-31 18:55:00,Cherry Hill Running,7.15,687.0,52,163,170,170,188,7:18,4:31,238,244,1.29
138,Running,2019-07-30 08:27:00,Cherry Hill Running,4.5,398.0,37,138,156,170,178,8:20,7:14,118,122,1.14
139,Running,2019-07-29 18:46:00,Voorhees Running,6.0,562.0,45,155,181,170,180,7:34,6:07,195,205,1.25
140,Running,2019-07-27 10:12:00,Cherry Hill Running,5.0,470.0,36,160,183,174,182,7:17,5:34,229,225,1.27
141,Running,2019-07-26 18:42:00,Cherry Hill Running,4.0,364.0,30,152,168,172,184,7:32,5:44,154,159,1.23
142,Running,2019-07-25 18:52:00,Cherry Hill Running,6.0,523.0,43,154,171,172,178,7:15,5:51,107,107,1.3
143,Running,2019-07-23 09:45:00,Cherry Hill Running,5.0,549.0,36,177,188,172,182,7:12,5:08,121,127,1.3
144,Running,2019-07-22 10:57:00,Cherry Hill Running,4.0,381.0,28,163,180,172,182,7:00,3:47,125,130,1.33
145,Running,2019-07-21 09:08:00,Cherry Hill Running,4.02,465.0,28,176,187,174,184,7:06,6:04,105,115,1.3
146,Running,2019-07-19 19:41:00,Cherry Hill Running,4.01,432.0,30,153,174,170,178,7:43,6:32,118,114,1.23
147,Running,2019-07-18 18:19:00,Cherry Hill Running,4.01,381.0,32,146,166,168,174,8:14,6:40,171,171,1.16
148,Running,2019-07-16 18:32:00,Cherry Hill Running,4.0,429.0,31,159,178,170,176,7:52,6:34,70,70,1.21
149,Running,2019-05-05 14:33:00,Allentown Running,2.0,128.0,13,128,142,182,188,6:51,4:21,63,61,1.29
150,Running,2019-05-05 09:57:00,Allentown Running,2.05,149.0,14,133,146,184,194,7:04,1:18,47,35,1.23
151,Running,2019-05-04 11:15:00,Allentown Running,5.0,339.0,39,129,160,176,184,7:49,6:10,170,176,1.17
152,Running,2019-05-03 19:15:00,Allentown Running,1.93,158.0,17,126,137,168,182,9:14,7:39,3,3,1.04
153,Running,2019-05-03 17:37:00,Allentown Running,2.23,150.0,15,132,142,184,196,6:52,5:37,125,120,1.27
154,Running,2019-05-03 10:22:00,Running,6.21,0.0,32,0,0,0,0,5:09,0,0,0,0.0
155,Running,2019-05-02 16:55:00,Baltimore Running,7.01,483.0,49,137,155,178,214,7:08,4:02,363,360,1.27
156,Running,2019-05-01 11:44:00,Baltimore Running,9.0,473.0,60,126,186,182,194,6:45,4:55,353,348,1.31
157,Running,2019-04-30 17:55:00,Baltimore Running,4.04,328.0,27,146,162,180,192,6:56,6:05,182,142,1.29
158,Running,2019-04-30 17:20:00,Baltimore Running,0.79,81.0,391,145,152,168,208,8:14,7:26,43,46,1.16
159,Running,2019-04-30 17:13:00,Baltimore Running,1.03,73.0,314,163,181,188,208,5:06,3:50,37,43,1.67
160,Running,2019-04-30 17:04:00,Baltimore Running,1.03,72.0,314,160,182,188,204,5:05,3:52,39,52,1.68
161,Running,2019-04-30 16:39:00,Baltimore Running,2.11,153.0,13,138,168,178,192,6:34,4:19,88,125,1.37
162,Running,2019-04-29 09:13:00,Baltimore Running,10.01,637.0,66,138,158,182,192,6:37,5:01,748,739,1.34
163,Running,2019-04-28 09:48:00,Baltimore Running,14.35,1002.0,94,156,194,180,194,6:35,4:48,781,779,1.35
164,Running,2019-04-27 10:37:00,Baltimore Running,10.0,764.0,67,148,165,176,188,6:45,1:55,573,571,1.35
165,Running,2019-04-25 11:22:00,Baltimore Running,4.02,311.0,29,138,176,176,192,7:13,5:57,227,234,1.26
166,Running,2019-04-25 10:48:00,Baltimore Running,2.13,139.0,15,125,152,176,186,7:24,6:14,100,94,1.23
167,Running,2019-04-24 06:35:00,Baltimore Running,12.01,752.0,81,138,174,176,188,6:45,5:26,764,764,1.35
168,Running,2019-04-23 17:41:00,Baltimore Running,0.96,93.0,578,128,158,166,192,10:03,7:51,82,38,0.96
169,Running,2019-04-23 17:27:00,Baltimore Running,0.73,69.0,284,164,184,172,232,6:32,3:25,20,19,1.43
170,Running,2019-04-23 16:54:00,Baltimore Running,5.06,415.0,27,173,193,182,198,5:25,4:08,178,196,1.63
171,Running,2019-04-23 16:28:00,Baltimore Running,2.07,143.0,13,134,161,180,188,6:35,4:41,89,125,1.37
172,Running,2019-04-22 16:41:00,Baltimore Running,4.03,304.0,27,140,149,178,188,6:52,5:27,196,189,1.31
173,Running,2019-04-22 09:11:00,Baltimore Running,10.09,638.0,67,138,160,180,192,6:40,5:48,535,544,1.34
174,Running,2019-04-21 10:24:00,Cherry Hill Running,8.01,590.0,52,145,162,178,190,6:36,5:41,179,183,1.37
175,Running,2019-04-20 20:10:00,Running,0.93,0.0,4,0,0,0,0,4:28,0,0,0,0.0
176,Running,2019-04-20 11:51:00,Chester Running,4.68,430.0,33,158,179,176,192,7:05,5:02,187,208,1.29
177,Running,2019-04-20 10:42:00,Chester Running,2.47,251.0,17,163,184,178,190,7:08,3:51,114,98,1.27
178,Running,2019-04-19 11:55:00,Baltimore Running,7.02,503.0,50,137,159,176,198,7:12,4:01,352,344,1.27
179,Running,2019-04-18 17:07:00,Baltimore Running,4.13,383.0,31,148,158,176,186,7:33,5:46,195,157,1.2
180,Running,2019-04-18 16:50:00,Baltimore Running,1.84,165.0,12,152,175,178,216,6:43,3:34,65,71,1.35
181,Running,2019-04-18 16:28:00,Baltimore Running,2.1,162.0,14,138,153,178,186,6:55,4:55,93,129,1.31
182,Running,2019-04-17 15:47:00,Running,9.0,0.0,62,0,0,0,0,6:53,0,0,0,0.0
183,Running,2019-04-16 15:45:00,Running,9.0,0.0,63,0,0,0,0,7:00,0,0,0,0.0
184,Running,2019-04-15 09:13:00,Baltimore Running,9.0,571.0,62,135,158,180,194,6:56,5:45,838,842,1.29
185,Running,2019-04-14 11:29:00,Baltimore Running,16.08,1060.0,111,145,189,180,192,6:56,5:24,962,959,1.3
186,Running,2019-04-13 21:28:00,Running,6.2,0.0,31,0,0,0,0,5:06,0,0,0,0.0
187,Running,2019-04-13 20:15:00,East Buffalo Running,2.0,175.0,16,134,141,170,184,8:25,5:21,4,7,1.12
188,Running,2019-04-13 18:29:00,East Buffalo Running,2.48,211.0,16,146,171,178,192,6:49,4:51,124,125,1.34
189,Running,2019-04-13 13:06:00,East Buffalo Running,2.01,156.0,14,136,154,180,190,7:06,6:10,61,58,1.27
190,Running,2019-04-12 17:05:00,Baltimore Running,7.07,447.0,49,134,156,180,204,6:57,3:59,406,399,1.28
191,Running,2019-04-11 16:32:00,Baltimore Running,10.0,641.0,67,137,185,180,194,6:48,4:36,891,890,1.32
192,Running,2019-04-11 10:43:00,Baltimore Running,4.06,264.0,27,132,153,182,194,6:50,3:47,282,272,1.29
193,Running,2019-04-10 09:16:00,Baltimore Running,10.02,677.0,68,142,161,180,192,6:50,5:44,400,397,1.31
194,Running,2019-04-09 17:42:00,Baltimore Running,3.78,379.0,27,159,179,178,202,7:18,6:11,173,142,1.23
195,Running,2019-04-09 17:23:00,Baltimore Running,1.0,92.0,368,170,187,178,214,6:10,3:53,46,61,1.47
196,Running,2019-04-09 16:58:00,Baltimore Running,3.83,240.0,19,147,176,188,196,5:02,4:36,153,154,1.7
197,Running,2019-04-09 16:31:00,Baltimore Running,2.08,168.0,13,145,163,182,194,6:36,5:04,73,118,1.34
198,Running,2019-04-08 16:40:00,Baltimore Running,3.75,230.0,29,121,192,178,192,7:46,4:32,177,177,1.17
199,Running,2019-04-08 09:34:00,Baltimore Running,7.24,497.0,49,138,157,182,196,6:53,5:55,405,399,1.27
200,Running,2019-04-07 11:11:00,Baltimore Running,16.01,1070.0,112,143,166,178,188,7:02,4:58,862,864,1.29
201,Running,2019-04-06 18:24:00,Baltimore Running,9.72,605.0,68,134,175,176,182,7:05,5:27,783,799,1.29
202,Running,2019-04-04 16:28:00,Baltimore Running,10.1,592.0,68,134,193,180,194,6:49,4:52,477,470,1.32
203,Running,2019-04-03 16:48:00,Baltimore Running,4.04,257.0,27,132,150,182,192,6:53,5:59,291,287,1.29
204,Running,2019-04-03 09:15:00,Baltimore Running,10.0,630.0,80,128,174,174,184,8:02,6:06,468,474,1.15
205,Running,2019-04-02 17:52:00,Baltimore Running,1.48,150.0,15,129,162,166,180,10:44,7:46,97,58,0.9
206,Running,2019-04-02 17:39:00,Baltimore Running,1.01,72.0,429,131,143,178,214,7:07,3:39,27,37,1.27
207,Running,2019-04-02 17:29:00,Baltimore Running,1.05,38.0,270,121,140,202,208,4:17,3:51,38,38,1.86
208,Running,2019-04-02 17:24:00,Baltimore Running,0.65,30.0,179,130,147,194,198,4:34,4:21,27,42,1.81
209,Running,2019-04-02 17:18:00,Baltimore Running,0.65,29.0,178,129,136,196,198,4:34,4:21,26,42,1.8
210,Running,2019-04-02 17:13:00,Baltimore Running,0.66,21.0,178,113,119,196,200,4:30,3:51,26,45,1.82
211,Running,2019-04-02 17:08:00,Baltimore Running,0.65,18.0,177,108,116,196,200,4:31,4:20,23,30,1.82
212,Running,2019-04-02 17:02:00,Baltimore Running,0.65,19.0,178,109,119,196,202,4:33,4:25,24,29,1.81
213,Running,2019-04-02 16:57:00,Baltimore Running,0.65,22.0,174,114,132,200,208,4:28,4:16,27,43,1.8
214,Running,2019-04-02 16:30:00,Baltimore Running,2.09,138.0,14,130,161,182,194,6:49,4:50,78,115,1.3
215,Running,2019-04-01 09:16:00,Baltimore Running,10.01,617.0,70,137,184,182,196,7:00,3:58,487,488,1.27
216,Running,2019-03-31 09:12:00,Baltimore Running,17.08,1026.0,117,140,177,182,196,6:54,4:59,985,979,1.29
217,Running,2019-03-30 15:57:00,Baltimore Running,10.08,610.0,72,133,160,178,190,7:12,6:02,905,896,1.25
218,Running,2019-03-29 22:20:00,Running,3.1,0.0,15,0,0,0,0,4:55,0,0,0,0.0
219,Running,2019-03-29 20:38:00,Richmond Running,1.8,214.0,15,156,176,174,182,8:33,4:04,121,122,1.09
220,Running,2019-03-29 19:02:00,Richmond Running,2.09,177.0,14,142,173,180,194,7:06,5:43,192,173,1.25
221,Running,2019-03-28 21:48:00,Baltimore Running,3.0,214.0,23,129,142,176,188,7:44,0:26,90,93,1.18
222,Running,2019-03-28 09:53:00,New York Running,4.0,237.0,28,124,138,180,200,7:08,2:49,31,31,1.25
223,Running,2019-03-27 08:58:00,Baltimore Running,10.01,901.0,69,155,179,184,200,7:00,4:26,682,674,1.25
224,Running,2019-03-26 17:41:00,Baltimore Running,3.0,225.0,22,133,161,182,198,7:33,6:36,229,194,1.17
225,Running,2019-03-26 16:55:00,Baltimore Running,4.87,306.0,23,152,173,192,212,4:51,4:02,79,87,1.72
226,Running,2019-03-26 16:29:00,Baltimore Running,2.12,127.0,14,124,150,184,196,6:41,4:48,71,105,1.31
227,Running,2019-03-26 09:47:00,Baltimore Running,4.06,231.0,28,122,144,186,194,7:01,4:42,483,473,1.23
228,Running,2019-03-25 09:12:00,Baltimore Running,10.0,610.0,67,136,158,184,196,6:43,5:31,519,514,1.3
229,Running,2019-03-24 10:48:00,Baltimore Running,17.5,1117.0,119,142,165,180,218,6:49,5:09,971,978,1.32
230,Running,2019-03-23 09:13:00,Santurce Running,10.0,738.0,69,144,163,180,192,6:58,4:24,462,462,1.28
231,Running,2019-03-21 19:08:00,Santurce Running,10.0,1034.0,73,164,170,176,186,7:18,5:12,449,449,1.25
232,Running,2019-03-20 09:07:00,Santurce Running,10.03,667.0,82,130,149,174,182,8:15,6:05,475,477,1.12
233,Running,2019-03-19 17:24:00,Isla Verde - Running,8.0,900.0,52,188,209,180,202,6:34,4:14,260,254,1.35
234,Running,2019-03-19 17:04:00,Santurce - Running,1.99,200.0,13,158,187,184,190,6:58,6:10,56,60,1.26
235,Running,2019-03-18 10:22:00,Running,1.55,0.0,9,0,0,0,0,6:08,0,0,0,0.0
236,Running,2019-03-18 09:13:00,Santurce - Running,8.45,704.0,53,153,171,180,192,6:21,3:51,463,462,1.4
237,Running,2019-03-17 08:40:00,Santurce - Running,17.0,1198.0,116,146,157,178,190,6:52,5:23,430,429,1.32
238,Running,2019-03-16 17:38:00,Santurce - Running,10.23,679.0,71,138,158,178,192,7:01,0:25,541,541,1.29
239,Running,2019-03-15 18:16:00,Baltimore - Running,10.0,612.0,69,135,154,178,192,6:55,5:41,516,516,1.31
240,Running,2019-03-14 17:32:00,Baltimore - Running,1.98,172.0,14,141,153,176,188,7:29,6:32,106,60,1.22
241,Running,2019-03-14 16:58:00,Baltimore - Running,5.9,392.0,30,154,165,186,194,5:06,4:33,58,62,1.7
242,Running,2019-03-14 14:10:00,Running,2.6,0.0,19,0,0,0,0,7:18,0,0,0,0.0
243,Running,2019-03-14 10:42:00,Baltimore - Running,3.0,219.0,21,135,154,180,188,7:02,4:15,120,114,1.27
244,Running,2019-03-13 10:14:00,Baltimore - Running,10.0,600.0,70,133,152,180,190,7:03,5:56,694,705,1.27
245,Running,2019-03-12 17:42:00,Baltimore - Running,2.84,200.0,22,128,144,176,194,7:50,6:07,171,150,1.17
246,Running,2019-03-12 17:25:00,Baltimore - Running,1.16,88.0,451,143,182,180,210,6:28,3:44,32,37,1.37
247,Running,2019-03-12 17:14:00,Baltimore - Running,2.08,84.0,10,124,170,190,198,4:50,2:43,86,89,1.75
248,Running,2019-03-12 16:57:00,Baltimore - Running,2.09,60.0,10,105,132,190,198,4:50,4:34,56,62,1.74
249,Running,2019-03-12 16:31:00,Baltimore - Running,2.12,127.0,13,126,150,182,194,6:33,4:53,83,118,1.35
250,Running,2019-03-11 09:13:00,Baltimore - Running,10.02,564.0,61,134,169,184,196,6:09,4:44,724,714,1.42
251,Running,2019-03-10 10:58:00,Philadelphia - Running,18.01,1220.0,118,149,180,176,188,6:35,1:36,506,505,1.38
252,Running,2019-03-09 17:36:00,Philadelphia - Running,10.01,594.0,70,129,181,178,184,7:00,5:32,305,305,1.29
253,Running,2019-03-08 20:03:00,Philadelphia - Running,4.08,456.0,32,156,182,176,186,7:56,4:55,184,184,1.15
254,Running,2019-03-08 09:18:00,Boca Raton - Running,4.0,330.0,28,138,154,182,190,7:15,5:43,0,0,1.23
255,Running,2019-03-07 17:36:00,Boca Raton - Running,8.5,595.0,56,144,170,178,188,6:36,5:14,41,31,1.37
256,Running,2019-03-07 17:14:00,Boca Raton - Running,2.5,181.0,16,137,165,180,190,6:29,4:50,10,17,1.38
257,Running,2019-03-06 11:09:00,Boca Raton - Running,4.01,266.0,27,130,141,178,186,6:57,3:04,7,7,1.3
258,Running,2019-03-05 18:13:00,Boca Raton - Running,10.0,657.0,70,138,149,176,186,7:00,5:53,20,20,1.3
259,Running,2019-03-04 09:14:00,Baltimore - Running,10.0,471.0,61,126,139,184,196,6:08,5:11,531,529,1.42
260,Running,2019-03-03 10:10:00,Baltimore - Running,16.12,737.0,108,121,156,180,194,6:45,5:22,1026,1021,1.32
261,Running,2019-03-02 11:12:00,Baltimore - Running,10.08,653.0,68,137,163,180,192,6:47,5:49,434,428,1.32
262,Running,2019-03-01 16:14:00,Baltimore - Running,11.0,657.0,76,136,154,178,190,6:55,6:02,546,546,1.3
263,Running,2019-02-28 17:27:00,Baltimore - Running,4.0,206.0,28,119,133,176,194,7:08,5:54,178,140,1.28
264,Running,2019-02-28 16:54:00,Baltimore - Running,5.21,212.0,25,125,159,188,196,4:55,4:17,138,137,1.74
265,Running,2019-02-28 16:29:00,Baltimore - Running,2.09,137.0,13,131,138,180,188,6:40,4:44,68,112,1.35
266,Running,2019-02-27 16:42:00,Baltimore Running,4.03,274.0,27,136,151,182,194,6:48,5:05,153,146,1.3
267,Running,2019-02-27 10:17:00,Baltimore Running,9.0,611.0,62,139,158,178,186,6:55,5:48,764,763,1.31
268,Running,2019-02-26 22:57:00,Running,2.25,0.0,16,0,0,0,0,7:07,0,0,0,0.0
269,Running,2019-02-26 17:29:00,Baltimore Running,3.96,345.0,27,153,180,178,204,7:02,6:06,200,161,1.28
270,Running,2019-02-26 16:55:00,Baltimore Running,4.63,280.0,23,146,160,188,208,5:07,2:32,135,147,1.68
271,Running,2019-02-25 09:11:00,Baltimore Running,10.03,648.0,68,141,157,182,194,6:50,5:51,538,533,1.29
272,Running,2019-02-24 06:47:00,Baltimore Running,15.0,795.0,112,129,154,176,184,7:28,4:59,818,822,1.23
273,Running,2019-02-23 20:22:00,Running,3.1,0.0,15,0,0,0,0,5:02,0,0,0,0.0
274,Running,2019-02-23 14:24:00,Manheim Running,3.63,262.0,26,135,152,178,186,7:22,6:41,87,84,1.23
275,Running,2019-02-23 12:36:00,Lancaster Running,2.18,161.0,14,141,172,182,194,6:38,5:09,56,58,1.33
276,Running,2019-02-22 16:34:00,Baltimore Running,7.01,320.0,46,123,157,182,226,6:34,3:48,403,416,1.35
277,Running,2019-02-21 16:28:00,Baltimore Running,10.05,628.0,67,140,163,178,202,6:41,4:25,757,753,1.35
278,Running,2019-02-21 10:34:00,Baltimore Running,4.08,359.0,27,158,168,180,190,6:49,5:18,270,266,1.31
279,Running,2019-02-20 09:57:00,Baltimore Running,10.0,626.0,72,136,181,178,190,7:12,5:40,766,781,1.25
280,Running,2019-02-19 17:31:00,Baltimore Running,4.0,435.0,28,177,198,180,198,7:13,5:32,195,155,1.23
281,Running,2019-02-19 17:01:00,Baltimore Running,3.7,230.0,18,152,171,192,214,4:55,3:54,89,93,1.7
282,Running,2019-02-19 16:35:00,Baltimore Running,2.06,153.0,13,140,170,182,192,6:40,5:11,71,108,1.32
283,Running,2019-02-18 09:10:00,Baltimore Running,10.04,638.0,67,141,162,180,192,6:42,4:56,578,578,1.33
284,Running,2019-02-17 10:35:00,Running,14.21,962.0,94,146,180,178,196,6:37,4:34,819,814,1.36
285,Running,2019-02-16 10:33:00,Baltimore Running,9.5,507.0,65,128,156,180,206,6:51,4:11,750,745,1.3
286,Running,2019-02-15 16:35:00,Baltimore Running,10.08,917.0,71,159,177,176,188,7:05,5:58,492,488,1.29
287,Running,2019-02-14 17:35:00,Baltimore Running,4.02,281.0,30,133,150,176,198,7:32,6:26,224,186,1.21
288,Running,2019-02-14 16:53:00,Baltimore Running,4.58,150.0,23,115,152,190,210,5:03,3:54,105,112,1.67
289,Running,2019-02-14 16:28:00,Baltimore Running,2.08,136.0,13,133,157,182,192,6:37,4:47,84,117,1.34
290,Running,2019-02-13 17:03:00,Baltimore Running,11.31,1052.0,78,166,195,180,192,6:55,5:47,1101,1091,1.3
291,Running,2019-02-12 17:31:00,Baltimore Running,2.79,202.0,24,126,146,172,182,8:53,8:06,155,66,1.06
292,Running,2019-02-12 16:58:00,Baltimore Running,4.04,304.0,22,164,178,186,196,5:36,5:02,34,38,1.55
293,Running,2019-02-12 16:34:00,Baltimore Running,2.12,119.0,14,123,144,182,194,6:49,0:25,114,96,1.31
294,Running,2019-02-12 16:31:00,Baltimore Running,0.29,15.0,127,113,131,182,188,7:15,6:57,0,18,1.22
295,Running,2019-02-11 16:42:00,Baltimore Running,3.07,243.0,22,140,161,176,188,7:26,5:50,236,232,1.23
296,Running,2019-02-11 09:17:00,Baltimore Running,10.0,761.0,72,146,176,176,206,7:15,5:28,887,890,1.26
297,Running,2019-02-10 09:36:00,Baltimore County Running,16.01,896.0,103,140,164,178,186,6:28,5:23,1061,1062,1.4
298,Running,2019-02-09 10:55:00,Baltimore Running,10.0,618.0,69,139,180,178,188,7:00,5:47,618,616,1.29
299,Running,2019-02-08 17:51:00,Running,3.1,0.0,15,0,0,0,0,5:06,0,0,0,0.0
300,Running,2019-02-08 11:37:00,Annapolis Running,3.03,322.0,25,157,179,172,182,8:19,5:51,68,67,1.12
301,Running,2019-02-08 10:25:00,Annapolis Running,2.5,186.0,17,141,167,178,190,6:59,2:08,38,39,1.3
302,Running,2019-02-07 16:30:00,Baltimore Running,8.09,522.0,60,137,161,174,192,7:27,4:28,393,395,1.24
303,Running,2019-02-06 16:39:00,Baltimore Running,3.02,243.0,20,150,184,180,190,6:48,5:40,119,118,1.31
304,Running,2019-02-06 09:52:00,Baltimore Running,11.0,844.0,78,157,180,176,184,7:10,6:17,1054,1065,1.28
305,Running,2019-02-05 17:29:00,Baltimore Running,2.03,154.0,17,129,144,172,202,8:42,6:18,133,100,1.07
306,Running,2019-02-05 16:52:00,Baltimore Running,3.82,251.0,18,165,193,190,214,4:56,3:42,96,112,1.73
307,Running,2019-02-05 16:28:00,Baltimore Running,2.07,140.0,13,136,161,178,186,6:44,5:12,71,104,1.35
308,Running,2019-02-04 09:09:00,Baltimore Running,11.0,514.0,73,127,178,180,196,6:43,4:11,780,782,1.33
309,Running,2019-02-03 09:56:00,Philadelphia Running,15.01,982.0,105,146,178,178,186,7:02,4:39,643,645,1.29
310,Running,2019-02-02 17:13:00,Philadelphia Running,4.18,242.0,34,123,134,174,180,8:12,5:16,190,190,1.13
311,Running,2019-02-01 18:43:00,New York Running,1.39,121.0,11,138,153,172,182,8:33,2:01,54,54,1.1
312,Running,2019-02-01 17:13:00,New York Running,2.78,194.0,19,137,159,178,196,7:10,0:26,132,121,1.26
313,Running,2019-01-29 17:39:00,Baltimore Running,4.35,515.0,33,180,195,176,198,7:49,6:50,198,162,1.18
314,Running,2019-01-29 17:27:00,Baltimore Running,0.76,57.0,226,179,193,192,204,4:58,4:36,23,29,1.69
315,Running,2019-01-29 17:21:00,Baltimore Running,0.76,54.0,221,177,193,194,198,4:50,4:24,36,41,1.72
316,Running,2019-01-29 17:16:00,Baltimore Running,0.75,55.0,221,176,186,192,198,4:54,4:38,35,42,1.71
317,Running,2019-01-29 17:10:00,Baltimore Running,0.75,54.0,225,170,181,192,196,4:58,4:41,38,41,1.69
318,Running,2019-01-29 17:04:00,Baltimore Running,0.75,53.0,228,164,176,192,198,5:02,4:46,35,41,1.66
319,Running,2019-01-29 16:59:00,Baltimore Running,0.76,51.0,230,159,170,194,200,5:02,4:44,39,41,1.65
320,Running,2019-01-29 16:31:00,Baltimore Running,2.06,186.0,14,154,181,180,192,7:06,5:04,73,113,1.25
321,Running,2019-01-28 16:52:00,Baltimore Running,10.0,683.0,71,144,174,176,188,7:08,5:56,679,685,1.28
322,Cardio,2019-01-28 12:29:00,Cardio,0.06,11.0,121,102,118,122,124,1.6,4.1,0,0,0.36
323,Running,2019-01-27 10:58:00,Baltimore Running,15.55,1210.0,101,157,186,178,190,6:33,4:43,827,822,1.37
324,Running,2019-01-26 10:48:00,Baltimore Running,10.25,699.0,73,141,162,178,190,7:13,5:13,971,962,1.26
325,Running,2019-01-25 21:55:00,Running,3.1,0.0,15,0,0,0,0,5:03,0,0,0,0.0
326,Running,2019-01-25 19:13:00,Fairfax County Running,3.55,325.0,26,151,173,174,192,7:32,6:34,264,265,1.23
327,Running,2019-01-25 17:52:00,Fairfax County Running,2.49,197.0,17,144,182,178,194,7:08,4:24,179,184,1.27
328,Cardio,2019-01-24 16:57:00,Cardio,0.0,6.0,139,78,98,172,172,0.1,8.1,0,0,0.01
329,Running,2019-01-24 15:17:00,Baltimore Running,7.01,455.0,49,139,160,178,208,7:04,4:19,411,412,1.28
330,Running,2019-01-23 15:58:00,Baltimore Running,10.04,847.0,76,151,156,172,182,7:36,6:09,664,658,1.23
331,Running,2019-01-22 16:09:00,Baltimore Running,3.52,380.0,27,165,180,176,194,7:43,6:35,167,143,1.19
332,Running,2019-01-22 15:54:00,Baltimore Running,1.51,98.0,436,161,177,194,200,4:50,4:27,44,50,1.71
333,Running,2019-01-22 15:35:00,Baltimore Running,3.03,199.0,15,155,190,190,198,5:08,4:43,77,81,1.65
334,Running,2019-01-22 15:11:00,Baltimore Running,2.1,145.0,14,134,154,178,194,6:56,4:30,87,130,1.3
335,Running,2019-01-22 15:10:00,Baltimore Running,0.0,0.0,0,92,92,0,0,3:06,4:11,0,0,0.0
336,Running,2019-01-21 15:16:00,Baltimore Running,10.04,617.0,69,138,157,178,190,6:55,5:58,534,527,1.31
337,Running,2019-01-20 10:48:00,Baltimore Running,14.25,1060.0,94,153,177,180,192,6:39,5:07,793,793,1.35
338,Running,2019-01-19 15:37:00,Baltimore Running,10.03,660.0,69,141,167,178,196,6:58,4:31,799,809,1.3
339,Running,2019-01-18 16:25:00,Baltimore Running,1.85,128.0,15,124,152,174,198,8:25,6:33,115,77,1.1
340,Running,2019-01-18 16:23:00,Baltimore Running,0.26,7.0,68,109,130,200,208,4:24,4:10,12,15,1.83
341,Running,2019-01-18 16:20:00,Baltimore Running,0.25,7.0,70,112,135,200,208,4:38,4:12,12,15,1.74
342,Running,2019-01-18 16:18:00,Baltimore Running,0.25,7.0,66,112,134,202,206,4:27,4:13,13,15,1.79
343,Running,2019-01-18 16:16:00,Baltimore Running,0.26,8.0,67,119,125,200,204,4:20,4:13,13,15,1.86
344,Running,2019-01-18 16:09:00,Baltimore Running,0.75,31.0,226,122,131,194,202,5:00,4:28,22,29,1.66
345,Running,2019-01-18 16:03:00,Baltimore Running,0.75,29.0,227,119,123,192,200,5:03,4:31,33,38,1.66
346,Running,2019-01-18 15:58:00,Baltimore Running,0.5,17.0,145,115,123,196,204,4:49,4:30,27,27,1.71
347,Running,2019-01-18 15:53:00,Baltimore Running,0.5,17.0,144,113,134,196,200,4:49,4:26,25,26,1.71
348,Running,2019-01-18 15:49:00,Baltimore Running,0.51,16.0,143,112,128,194,202,4:41,4:30,24,27,1.77
349,Running,2019-01-18 15:24:00,Baltimore Running,2.21,113.0,14,122,145,180,194,6:40,4:34,77,114,1.34
350,Running,2019-01-17 18:21:00,Baltimore Running,8.01,648.0,53,155,184,176,184,6:44,3:25,224,230,1.36
351,Running,2019-01-16 10:06:00,Baltimore Running,9.32,934.0,65,173,201,180,192,7:00,5:40,627,627,1.27
352,Running,2019-01-15 16:21:00,Baltimore Running,1.99,214.0,17,151,176,172,188,8:42,7:24,86,48,1.07
353,Running,2019-01-15 16:05:00,Baltimore Running,1.26,86.0,382,160,168,188,194,5:03,4:49,35,41,1.68
354,Running,2019-01-15 15:57:00,Baltimore Running,1.26,90.0,392,162,170,188,196,5:13,4:46,42,49,1.63
355,Running,2019-01-15 15:49:00,Baltimore Running,1.26,85.0,392,153,163,190,196,5:11,4:54,44,51,1.64
356,Running,2019-01-15 15:41:00,Baltimore Running,1.27,83.0,392,152,175,190,198,5:08,4:43,31,38,1.64
357,Running,2019-01-15 15:15:00,Baltimore Running,2.11,152.0,14,138,166,180,194,6:42,4:34,89,125,1.34
358,Running,2019-01-14 15:36:00,Baltimore Running,9.62,744.0,61,155,183,180,194,6:25,5:18,497,494,1.39
359,Running,2019-01-14 10:36:00,Baltimore Running,2.13,145.0,14,132,150,184,192,6:56,5:41,169,162,1.27
360,Running,2019-01-13 09:19:00,Baltimore Running,13.0,1057.0,95,152,172,174,180,7:19,6:26,680,680,1.27
361,Running,2019-01-12 13:58:00,New York Running,2.45,216.0,19,140,152,176,182,8:08,3:57,7,7,1.13
362,Running,2019-01-12 13:30:00,Running,3.1,0.0,16,0,0,0,0,5:15,0,0,0,0.0
363,Running,2019-01-12 12:32:00,New York Running,2.45,207.0,17,145,179,178,192,7:11,5:09,11,13,1.26
364,Cardio,2019-01-11 16:28:00,Cardio,0.0,6.0,122,85,96,170,170,0.1,6.5,0,0,0.01
365,Running,2019-01-11 15:21:00,Baltimore Running,7.0,505.0,52,140,154,174,188,7:29,5:51,330,331,1.23
366,Running,2019-01-10 16:04:00,Baltimore Running,4.06,421.0,28,172,188,176,184,6:57,5:20,178,141,1.31
367,Running,2019-01-10 15:42:00,Baltimore Running,3.04,289.0,18,181,192,182,208,6:06,4:27,64,69,1.45
368,Running,2019-01-10 15:16:00,Baltimore Running,2.06,188.0,14,158,188,178,196,6:49,4:41,73,107,1.33
369,Running,2019-01-09 10:14:00,Baltimore Running,8.05,640.0,56,148,171,178,190,7:01,5:50,695,689,1.29
370,Running,2019-01-08 16:44:00,Baltimore Running,1.18,140.0,10,152,175,172,188,9:07,7:32,80,43,1.03
371,Running,2019-01-08 15:56:00,Baltimore Running,4.56,311.0,25,148,181,184,210,5:36,4:06,159,164,1.55
372,Running,2019-01-08 15:31:00,Baltimore Running,2.09,192.0,14,157,188,176,190,6:53,5:12,77,113,1.32
373,Running,2019-01-07 15:30:00,Baltimore Running,10.0,736.0,61,151,183,180,192,6:09,5:23,526,530,1.47
374,Cardio,2019-01-07 10:36:00,Cardio,0.02,13.0,195,92,110,114,122,0.4,4.6,0,0,0.1
375,Running,2019-01-06 11:04:00,Baltimore Other,11.99,901.0,89,144,180,0,0,7:27,6:14,821,821,0.0
376,Running,2019-01-05 11:32:00,Running,8.0,0.0,56,0,0,0,0,7:00,0,0,0,0.0
377,Running,2019-01-04 11:49:00,Voorhees Running,2.23,217.0,16,155,182,174,180,7:18,6:46,62,63,1.27
378,Running,2019-01-04 11:13:00,Voorhees Running,4.0,296.0,22,155,164,182,192,5:34,5:10,84,81,1.59
379,Running,2019-01-04 10:43:00,Voorhees Running,2.01,172.0,14,145,179,176,184,7:15,4:51,28,25,1.26
380,Running,2019-01-03 11:26:00,Cherry Hill Running,8.01,437.0,53,128,176,174,182,6:41,5:41,313,313,1.38
381,Running,2019-01-02 11:29:00,Cherry Hill Running,8.01,568.0,57,137,166,174,180,7:13,5:50,256,245,1.28
382,Running,2019-01-01 12:07:00,Cherry Hill Running,7.0,630.0,47,158,170,172,180,6:48,4:14,219,223,1.38
383,Running,2018-12-31 14:41:00,Cherry Hill Running,7.07,570.0,53,144,168,172,180,7:37,5:34,174,181,1.23
384,Running,2018-12-30 10:40:00,Cherry Hill Running,8.51,796.0,58,161,184,174,184,6:52,5:54,278,281,1.34
385,Running,2018-12-29 16:45:00,Voorhees Running,7.56,624.0,57,143,178,172,182,7:38,6:39,176,176,1.23
386,Running,2018-12-27 08:47:00,Cherry Hill Running,5.0,395.0,36,140,165,174,180,7:23,5:53,138,142,1.26
387,Running,2018-12-24 10:45:00,Cherry Hill Running,5.29,458.0,37,148,164,176,182,7:10,6:33,142,146,1.28
388,Running,2018-11-30 16:43:00,Baltimore Running,4.98,371.0,36,138,173,172,184,7:22,3:55,279,279,1.26
389,Running,2018-11-29 16:28:00,Baltimore Running,7.9,512.0,55,138,164,174,184,6:59,4:52,900,879,1.33
390,Running,2018-11-27 17:38:00,Baltimore Running,1.17,110.0,587,138,150,174,196,8:21,4:02,80,44,1.11
391,Treadmill Running,2018-11-27 17:30:00,Treadmill Running,0.35,19.0,110,134,145,196,204,5:16,4:23,0,0,1.56
392,Treadmill Running,2018-11-27 17:26:00,Treadmill Running,0.34,20.0,107,138,147,194,198,5:13,4:44,0,0,1.59
393,Treadmill Running,2018-11-27 17:23:00,Treadmill Running,0.34,18.0,107,128,139,194,202,5:16,4:43,0,0,1.57
394,Treadmill Running,2018-11-27 17:19:00,Treadmill Running,0.47,25.0,151,131,147,190,196,5:21,4:49,0,0,1.58
395,Treadmill Running,2018-11-27 17:14:00,Treadmill Running,0.46,26.0,146,136,148,192,198,5:17,4:45,0,0,1.59
396,Treadmill Running,2018-11-27 17:10:00,Treadmill Running,0.46,27.0,145,138,146,192,196,5:17,4:49,0,0,1.59
397,Treadmill Running,2018-11-27 17:06:00,Treadmill Running,0.46,25.0,144,132,142,192,198,5:14,4:46,0,0,1.6
398,Treadmill Running,2018-11-27 17:01:00,Treadmill Running,0.46,25.0,144,133,152,192,200,5:15,4:45,0,0,1.6
399,Treadmill Running,2018-11-27 16:54:00,Treadmill Running,0.95,56.0,309,135,144,188,194,5:25,4:54,0,0,1.58
400,Running,2018-11-27 16:31:00,Baltimore Running,2.09,144.0,13,133,156,178,190,6:41,4:16,73,108,1.35
401,Running,2018-11-26 16:29:00,Baltimore Running,9.01,658.0,60,150,181,176,186,6:44,5:14,526,525,1.36
402,Running,2018-11-25 16:05:00,Baltimore Running,11.94,711.0,86,137,166,174,186,7:15,5:32,722,718,1.27
403,Running,2018-11-24 09:43:00,Haddon Running,1.62,180.0,13,153,168,168,192,8:25,7:17,27,24,1.14
404,Running,2018-11-24 09:16:00,Haddon Running,3.13,209.0,16,151,161,186,210,5:08,4:15,37,37,1.69
405,Running,2018-11-24 08:27:00,Haddon Running,2.17,184.0,14,149,182,176,188,6:50,2:06,49,45,1.34
406,Running,2018-11-21 10:57:00,Voorhees Running,1.53,131.0,10,146,161,176,182,6:56,6:17,33,40,1.32
407,Running,2018-11-20 15:15:00,Cherry Hill Running,6.94,457.0,47,135,182,176,196,6:48,5:48,126,128,1.35
408,Running,2018-11-19 10:33:00,Voorhees Running,7.44,520.0,52,139,165,176,184,7:01,5:54,191,209,1.31
409,Running,2018-11-13 17:31:00,Baltimore Running,1.8,187.0,14,156,191,172,186,7:48,7:05,143,61,1.2
410,Running,2018-11-13 17:11:00,Baltimore Running,2.72,177.0,14,147,157,182,190,5:17,4:54,24,28,1.68
411,Running,2018-11-13 16:56:00,Baltimore Running,2.7,159.0,14,140,148,186,194,5:16,5:04,30,31,1.64
412,Running,2018-11-13 16:30:00,Baltimore Running,2.05,127.0,14,127,143,176,188,6:51,5:06,51,142,1.33
413,Running,2018-11-11 10:14:00,Baltimore Running,14.0,822.0,102,136,178,174,186,7:17,5:34,735,829,1.28
414,Running,2018-11-08 16:28:00,Baltimore Running,7.54,674.0,51,160,198,176,206,6:51,4:10,465,462,1.34
415,Running,2018-11-06 17:31:00,Baltimore Running,1.19,148.0,10,164,186,168,182,8:51,7:24,74,38,1.08
416,Running,2018-11-06 17:18:00,Baltimore Running,1.28,96.0,391,172,189,186,192,5:05,4:54,44,51,1.71
417,Running,2018-11-06 17:10:00,Baltimore Running,1.29,96.0,392,172,186,186,192,5:04,4:49,34,40,1.71
418,Running,2018-11-06 17:03:00,Baltimore Running,1.28,86.0,392,155,188,186,192,5:05,4:52,33,43,1.69
419,Running,2018-11-06 16:55:00,Baltimore Running,1.3,71.0,389,137,156,190,196,4:59,4:35,53,59,1.71
420,Running,2018-11-06 16:30:00,Baltimore Running,1.89,125.0,12,130,150,176,190,6:44,4:49,81,115,1.36
421,Running,2018-11-05 16:38:00,Baltimore Running,8.0,436.0,48,130,164,178,186,6:06,5:00,608,600,1.48
422,Running,2018-11-04 10:16:00,Baltimore Running,12.17,908.0,78,152,173,178,192,6:28,4:41,779,798,1.39
423,Running,2018-11-03 10:01:00,Baltimore Running,6.03,447.0,47,136,153,172,180,7:52,5:20,331,322,1.19
424,Running,2018-11-02 16:13:00,Baltimore Running,5.07,346.0,36,134,152,174,182,7:14,3:28,321,314,1.29
425,Running,2018-11-01 17:13:00,Baltimore Running,2.72,264.0,21,148,160,172,182,7:48,6:22,326,314,1.2
426,Running,2018-11-01 17:06:00,Running,0.88,78.0,300,179,197,186,196,5:41,4:50,0,0,1.52
427,Running,2018-11-01 17:00:00,Baltimore Running,0.83,76.0,300,176,183,184,192,6:00,2:05,138,182,1.46
428,Running,2018-11-01 16:54:00,Baltimore Running,0.9,68.0,300,161,197,190,198,5:35,4:28,156,124,1.52
429,Running,2018-10-28 16:29:00,Baltimore Running,11.33,564.0,81,124,141,174,184,7:13,1:12,535,628,1.28
430,Treadmill Running,2018-10-27 13:34:00,Treadmill Running,1.53,124.0,12,133,175,170,174,8:07,4:37,0,0,1.17
431,Running,2018-10-27 11:55:00,Haverford Running,2.16,180.0,15,143,157,174,192,7:03,5:08,48,48,1.3
432,Running,2018-10-26 16:54:00,Baltimore Running,4.98,382.0,36,138,165,174,190,7:20,3:58,251,247,1.26
433,Running,2018-10-25 16:35:00,Baltimore Running,8.88,603.0,59,142,168,174,198,6:43,4:19,422,415,1.37
434,Running,2018-10-24 16:36:00,Baltimore Running,5.0,533.0,35,166,186,172,180,7:10,6:23,541,546,1.31
435,Running,2018-10-23 17:40:00,Baltimore Running,2.48,218.0,18,142,167,172,188,7:22,6:09,260,256,1.27
436,Running,2018-10-23 17:29:00,Baltimore Running,0.63,50.0,191,177,189,186,202,5:03,4:24,0,10,1.71
437,Running,2018-10-23 17:22:00,Baltimore Running,1.26,105.0,386,181,193,186,196,5:07,4:42,17,21,1.7
438,Running,2018-10-23 17:17:00,Baltimore Running,0.63,51.0,193,177,193,186,194,5:09,4:54,0,10,1.68
439,Running,2018-10-23 17:10:00,Baltimore Running,1.27,103.0,386,177,196,186,196,5:06,4:32,25,25,1.7
440,Running,2018-10-23 17:05:00,Baltimore Running,0.63,45.0,194,159,183,186,194,5:09,4:35,10,12,1.68
441,Running,2018-10-23 17:01:00,Baltimore Running,0.63,42.0,187,153,172,192,200,4:59,4:37,9,10,1.68
442,Running,2018-10-23 16:30:00,Baltimore Running,2.96,244.0,21,141,170,174,194,7:06,5:06,269,274,1.3
443,Running,2018-10-22 00:13:00,Running,8.8,0.0,59,0,0,0,0,6:46,0,0,0,0.0
444,Running,2018-10-21 09:14:00,Baltimore Running,13.01,1040.0,83,153,180,178,192,6:25,4:32,1134,1170,1.41
445,Running,2018-10-20 08:51:00,Baltimore Running,6.91,445.0,51,130,165,174,184,7:23,0:42,437,432,1.25
446,Running,2018-10-19 10:24:00,Baltimore Running,2.2,206.0,17,142,161,172,194,7:47,5:58,273,245,1.21
447,Running,2018-10-19 10:18:00,Baltimore Running,0.25,14.0,70,143,163,198,206,4:40,4:10,16,14,1.74
448,Running,2018-10-19 10:15:00,Baltimore Running,0.25,15.0,73,145,166,192,198,4:56,4:27,15,14,1.7
449,Running,2018-10-19 10:13:00,Baltimore Running,0.26,16.0,73,146,158,192,198,4:48,4:01,16,14,1.75
450,Running,2018-10-19 10:10:00,Baltimore Running,0.25,14.0,72,141,167,194,204,4:46,4:26,16,14,1.74
451,Running,2018-10-19 10:08:00,Baltimore Running,0.25,14.0,74,141,177,188,196,4:56,4:33,16,14,1.73
452,Running,2018-10-19 09:44:00,Baltimore Running,4.02,186.0,21,126,149,184,198,5:21,4:28,189,192,1.63
453,Running,2018-10-19 09:16:00,Baltimore Running,2.43,160.0,17,127,146,178,194,7:01,5:13,245,262,1.29
454,Running,2018-10-18 12:25:00,Baltimore Running,8.2,521.0,56,133,152,174,184,6:57,3:29,404,398,1.33
455,Running,2018-10-17 15:04:00,Baltimore Running,7.01,458.0,51,133,147,172,180,7:22,6:15,574,581,1.26
456,Running,2018-10-16 17:52:00,Baltimore Running,2.28,197.0,20,132,161,168,196,8:49,6:42,262,263,1.09
457,Running,2018-10-16 17:45:00,Baltimore Running,0.59,39.0,177,151,168,194,208,5:01,4:21,44,34,1.65
458,Running,2018-10-16 17:37:00,Baltimore Running,0.9,65.0,284,156,195,192,204,5:18,4:29,89,45,1.58
459,Running,2018-10-16 17:29:00,Baltimore Running,0.9,59.0,281,147,189,188,200,5:14,4:12,89,44,1.64
460,Running,2018-10-16 17:23:00,Baltimore Running,0.59,31.0,184,128,140,188,200,5:13,4:18,45,34,1.64
461,Running,2018-10-16 17:15:00,Baltimore Running,0.89,47.0,283,129,158,188,200,5:16,4:06,90,45,1.62
462,Running,2018-10-16 17:09:00,Baltimore Running,0.59,41.0,182,151,156,190,200,5:09,4:29,45,35,1.64
463,Running,2018-10-16 17:04:00,Baltimore Running,0.59,37.0,183,141,166,190,200,5:10,3:36,43,35,1.64
464,Running,2018-10-16 16:32:00,Baltimore Running,2.85,203.0,19,133,169,176,196,6:49,4:50,268,273,1.34
465,Running,2018-10-15 16:33:00,Baltimore Running,10.22,681.0,69,139,161,174,186,6:48,5:06,1098,1089,1.36
466,Running,2018-10-14 16:50:00,Baltimore Running,13.02,981.0,84,150,182,174,196,6:27,4:04,937,931,1.42
467,Running,2018-10-13 19:19:00,Running,5.0,0.0,26,0,0,0,0,5:19,0,0,0,0.0
468,Running,2018-10-13 12:21:00,Logan Running,1.49,146.0,11,145,171,170,180,7:50,6:43,0,0,1.21
469,Running,2018-10-13 11:00:00,Logan Running,2.21,185.0,15,144,167,176,192,6:57,4:56,0,0,1.3
470,Running,2018-10-12 08:51:00,Baltimore Running,4.95,353.0,36,133,174,176,190,7:18,3:44,260,264,1.25
471,Running,2018-10-11 16:35:00,Baltimore Running,10.98,831.0,74,147,171,176,198,6:45,4:24,626,633,1.35
472,Running,2018-10-10 18:55:00,Running,9.0,0.0,66,0,0,0,0,7:20,0,0,0,0.0
473,Running,2018-10-10 16:07:00,Baltimore Running,6.54,387.0,48,127,149,172,180,7:27,6:15,423,444,1.26
474,Running,2018-10-09 17:23:00,Baltimore Running,2.44,217.0,21,133,149,168,188,9:00,7:19,157,57,1.06
475,Running,2018-10-09 17:07:00,Baltimore Running,1.35,113.0,422,179,186,184,194,5:14,4:38,15,11,1.66
476,Running,2018-10-09 16:59:00,Baltimore Running,1.35,109.0,414,178,187,188,202,5:06,4:27,17,13,1.68
477,Running,2018-10-09 16:51:00,Baltimore Running,1.35,102.0,412,169,188,188,202,5:04,4:23,14,14,1.69
478,Running,2018-10-09 16:28:00,Baltimore Running,2.42,160.0,16,130,174,178,196,6:47,4:57,48,138,1.33
479,Running,2018-10-08 16:39:00,Baltimore Running,10.01,768.0,67,147,168,178,212,6:46,4:45,799,791,1.35
480,Running,2018-10-07 09:15:00,Baltimore Running,15.0,1195.0,104,150,191,176,192,6:57,4:21,836,833,1.32
481,Running,2018-10-06 10:57:00,Baltimore Running,7.0,480.0,50,135,159,176,188,7:12,6:08,479,415,1.27
482,Running,2018-10-05 08:28:00,Baltimore Running,1.36,130.0,12,134,168,170,206,9:09,0:31,96,49,1.04
483,Running,2018-10-05 08:19:00,Baltimore Running,1.02,50.0,282,132,139,196,208,4:36,4:08,36,43,1.78
484,Running,2018-10-05 08:10:00,Baltimore Running,1.02,66.0,287,155,171,194,202,4:41,4:23,50,57,1.77
485,Running,2018-10-05 08:01:00,Baltimore Running,1.02,75.0,295,174,193,192,208,4:50,4:38,48,50,1.73
486,Running,2018-10-05 07:52:00,Baltimore Running,1.03,81.0,304,182,190,190,206,4:56,4:30,34,40,1.72
487,Running,2018-10-05 07:43:00,Baltimore Running,1.02,78.0,309,171,181,190,196,5:03,4:47,34,41,1.68
488,Running,2018-10-05 07:34:00,Baltimore Running,1.01,73.0,318,156,173,190,198,5:15,4:50,35,45,1.62
489,Running,2018-10-05 07:03:00,Baltimore Running,1.99,140.0,14,129,156,176,194,7:03,4:35,85,117,1.3
490,Running,2018-10-04 16:38:00,Baltimore Running,11.18,779.0,74,144,163,176,190,6:41,5:24,606,597,1.36
491,Running,2018-10-03 09:25:00,Baltimore Running,7.05,463.0,53,129,150,174,182,7:37,0:30,520,510,1.22
492,Running,2018-10-02 17:42:00,Baltimore Running,1.61,162.0,15,136,148,166,194,9:20,7:59,211,191,1.03
493,Running,2018-10-02 17:31:00,Baltimore Running,0.97,77.0,294,178,192,190,200,5:02,3:49,81,165,1.69
494,Running,2018-10-02 17:22:00,Baltimore Running,0.99,82.0,322,172,184,188,200,5:24,4:10,168,73,1.58
495,Running,2018-10-02 17:16:00,Baltimore Running,0.37,27.0,109,172,189,194,200,4:51,4:14,14,19,1.71
496,Running,2018-10-02 17:13:00,Baltimore Running,0.38,24.0,108,157,184,192,202,4:49,4:15,11,17,1.74
497,Running,2018-10-02 17:10:00,Baltimore Running,0.38,23.0,107,150,168,194,204,4:46,4:24,8,12,1.74
498,Running,2018-10-02 17:06:00,Baltimore Running,0.38,21.0,109,140,160,192,202,4:51,4:33,11,15,1.73
499,Running,2018-10-02 17:03:00,Baltimore Running,0.38,22.0,111,144,179,194,198,4:50,4:22,13,17,1.72
500,Running,2018-10-02 17:00:00,Baltimore Running,0.38,17.0,107,128,145,196,210,4:40,4:25,11,16,1.76
501,Running,2018-10-02 16:31:00,Baltimore Running,2.52,181.0,17,134,165,176,192,6:55,4:53,272,292,1.32
502,Running,2018-10-01 16:38:00,Baltimore Running,10.0,673.0,73,137,154,174,182,7:23,6:13,788,789,1.25
503,Running,2018-09-30 10:28:00,Running,17.3,0.0,117,0,0,0,0,6:46,0,0,0,0.0
504,Cardio,2018-09-29 10:59:00,Cardio,0.8,91.0,13,108,161,142,196,3.5,11.6,0,0,0.67
505,Running,2018-09-29 10:30:00,Running,5.0,0.0,26,0,0,0,0,5:16,0,0,0,0.0
506,Running,2018-09-29 10:15:00,Bethlehem Running,1.61,135.0,15,124,155,164,180,9:34,7:25,47,68,1.02
507,Running,2018-09-29 08:45:00,Bethlehem Running,2.05,160.0,14,140,161,178,190,6:49,5:35,61,59,1.33
508,Running,2018-09-28 11:06:00,Baltimore Running,5.63,435.0,40,141,158,174,180,7:13,4:42,417,414,1.29
509,Running,2018-09-27 16:41:00,Baltimore Running,11.02,561.0,76,126,145,176,204,6:55,3:52,1046,1039,1.32
510,Running,2018-09-26 17:23:00,Baltimore Running,2.12,163.0,14,137,161,176,186,6:59,5:48,139,133,1.31
511,Running,2018-09-26 09:52:00,Baltimore Running,5.13,371.0,39,132,151,172,180,7:39,5:31,548,539,1.22
512,Running,2018-09-25 17:40:00,Baltimore Running,1.95,192.0,16,144,156,170,190,8:14,6:48,241,227,1.15
513,Running,2018-09-25 17:27:00,Baltimore Running,0.95,84.0,318,181,195,180,200,5:34,4:45,40,39,1.61
514,Running,2018-09-25 17:21:00,Baltimore Running,0.95,84.0,320,180,190,182,198,5:36,4:52,49,47,1.58
515,Running,2018-09-25 17:15:00,Baltimore Running,0.96,85.0,316,182,201,182,202,5:30,4:41,40,39,1.61
516,Running,2018-09-25 17:08:00,Baltimore Running,0.95,81.0,309,180,187,186,202,5:25,4:31,40,39,1.6
517,Running,2018-09-25 17:02:00,Baltimore Running,0.96,72.0,304,166,183,188,208,5:16,3:58,42,41,1.63
518,Running,2018-09-25 16:30:00,Baltimore Running,2.48,184.0,16,138,160,178,190,6:40,5:14,276,298,1.35
519,Running,2018-09-24 16:40:00,Baltimore Running,10.05,725.0,63,149,183,180,192,6:21,4:06,651,662,1.42
520,Running,2018-09-23 09:12:00,Baltimore Running,17.25,818.0,113,131,158,178,194,6:33,4:46,1041,1055,1.38
521,Running,2018-09-22 10:31:00,Running,7.0,0.0,47,0,0,0,0,6:43,0,0,0,0.0
522,Running,2018-09-22 09:42:00,West Pennsboro Running,2.37,221.0,17,152,181,174,190,7:11,5:13,138,148,1.29
523,Running,2018-09-21 16:28:00,Baltimore Running,6.07,434.0,45,136,154,172,210,7:29,6:10,315,307,1.24
524,Running,2018-09-20 16:37:00,Baltimore Running,8.99,570.0,66,133,163,172,210,7:25,4:12,563,559,1.25
525,Running,2018-09-19 15:21:00,Baltimore Running,6.83,466.0,49,136,153,176,184,7:19,5:22,434,447,1.25
526,Running,2018-09-18 17:54:00,Baltimore Running,1.16,114.0,10,137,149,170,176,8:59,7:33,74,37,1.05
527,Running,2018-09-18 17:44:00,Baltimore Running,0.5,50.0,204,168,187,174,202,6:46,4:03,8,14,1.37
528,Running,2018-09-18 17:36:00,Baltimore Running,1.02,81.0,320,178,189,182,192,5:13,4:55,32,36,1.69
529,Running,2018-09-18 17:26:00,Baltimore Running,1.52,129.0,490,180,189,182,186,5:22,4:52,41,48,1.65
530,Running,2018-09-18 17:17:00,Baltimore Running,1.54,120.0,469,179,188,186,192,5:05,4:54,42,49,1.71
531,Running,2018-09-18 17:06:00,Baltimore Running,1.8,137.0,574,165,182,184,212,5:20,4:00,54,61,1.64
532,Running,2018-09-18 16:41:00,Baltimore Running,2.07,135.0,13,131,161,178,190,6:37,4:48,78,113,1.37
533,Running,2018-09-17 16:31:00,Baltimore Running,10.05,758.0,62,151,172,178,192,6:16,4:53,823,813,1.44
534,Running,2018-09-16 11:43:00,Philadelphia Running,17.0,1238.0,113,151,179,176,186,6:41,4:59,1198,1198,1.37
535,Running,2018-09-15 17:01:00,Philadelphia Running,10.09,626.0,72,133,154,172,180,7:14,4:54,335,334,1.29
536,Running,2018-09-14 08:21:00,Baltimore Running,1.75,140.0,15,129,146,172,182,8:38,6:11,143,53,1.09
537,Running,2018-09-14 07:40:00,Baltimore Running,5.42,398.0,29,165,190,184,192,5:28,4:48,48,52,1.61
538,Running,2018-09-14 07:05:00,Baltimore Running,2.39,156.0,17,129,160,174,188,7:08,4:49,57,146,1.3
539,Running,2018-09-13 16:40:00,Baltimore Running,9.26,564.0,68,133,155,174,182,7:23,5:57,549,542,1.26
540,Running,2018-09-12 09:18:00,Baltimore Running,10.01,749.0,67,148,172,176,188,6:47,5:26,859,851,1.35
541,Running,2018-09-10 16:39:00,Baltimore Running,11.0,721.0,68,146,169,178,198,6:14,4:20,453,447,1.45
542,Running,2018-09-09 10:17:00,Baltimore Running,17.71,1458.0,116,150,177,178,192,6:33,4:10,1067,1073,1.39
543,Running,2018-09-08 10:08:00,Running,10.0,0.0,66,0,0,0,0,6:36,0,0,0,0.0
544,Running,2018-09-07 21:24:00,Running,7.0,0.0,50,0,0,0,0,7:09,0,0,0,0.0
545,Running,2018-09-06 16:46:00,Baltimore Running,10.04,946.0,72,150,180,176,216,7:11,4:23,810,808,1.27
546,Running,2018-09-05 17:29:00,Baltimore Running,11.19,964.0,79,145,178,176,186,7:04,5:50,591,582,1.3
547,Running,2018-09-04 17:36:00,Baltimore Running,3.27,290.0,23,139,158,174,182,7:18,5:56,336,343,1.26
548,Running,2018-09-04 08:18:00,Baltimore Running,0.56,63.0,330,131,166,166,180,9:48,6:58,64,120,0.99
549,Running,2018-09-04 08:06:00,Baltimore Running,0.48,43.0,163,173,189,184,196,5:42,4:47,29,26,1.54
550,Running,2018-09-04 08:01:00,Baltimore Running,0.47,43.0,164,170,184,184,192,5:46,4:48,14,14,1.52
551,Running,2018-09-04 07:35:00,Baltimore Running,3.26,304.0,18,175,192,184,208,5:43,4:12,438,436,1.53
552,Running,2018-09-04 07:04:00,Baltimore Running,2.41,183.0,17,130,184,178,192,7:07,4:54,219,268,1.27
553,Running,2018-09-03 18:35:00,Baltimore Running,2.99,282.0,24,131,172,172,178,8:20,6:26,191,190,1.12
554,Running,2018-09-03 17:10:00,Baltimore Running,7.01,557.0,48,145,187,178,192,6:57,5:21,392,385,1.31
555,Running,2018-09-02 10:13:00,Baltimore Running,17.06,1619.0,116,157,184,176,192,6:48,4:43,1036,1030,1.34
556,Cardio,2018-09-01 12:43:00,Cardio,0.0,1.0,62,56,59,0,0,0,0,0,0,0.0
557,Running,2018-09-01 12:03:00,Baltimore Running,0.97,87.0,481,126,144,170,178,8:19,5:51,19,19,1.14
558,Running,2018-09-01 10:39:00,Baltimore Running,9.31,715.0,69,133,164,172,194,7:27,5:07,833,830,1.25
559,Running,2018-08-30 16:46:00,Baltimore Running,10.11,797.0,76,134,151,174,186,7:33,5:40,530,520,1.22
560,Running,2018-08-30 09:56:00,Baltimore Running,4.03,362.0,30,136,176,174,180,7:36,5:43,495,486,1.22
561,Running,2018-08-29 09:39:00,Baltimore County Running,10.17,868.0,65,153,186,178,194,6:25,4:37,781,794,1.41
562,Running,2018-08-28 16:02:00,Baltimore Running,4.01,358.0,31,132,151,174,182,7:58,6:46,470,466,1.17
563,Running,2018-08-28 08:17:00,Baltimore Running,2.69,284.0,24,133,147,168,194,9:10,4:05,161,113,1.04
564,Running,2018-08-28 08:00:00,Baltimore Running,2.07,166.0,579,179,193,194,212,4:39,4:17,57,64,1.79
565,Running,2018-08-28 07:22:00,Baltimore Running,1.99,162.0,14,132,163,180,192,7:05,4:54,88,128,1.26
566,Running,2018-08-27 17:02:00,Baltimore Running,10.03,944.0,70,148,169,176,186,7:03,5:10,537,530,1.3
567,Running,2018-08-26 09:26:00,Howard County Running,17.09,1492.0,114,149,182,176,194,6:43,4:56,685,690,1.36
568,Running,2018-08-25 16:22:00,Baltimore Running,2.61,217.0,19,129,143,174,182,7:38,6:53,151,165,1.21
569,Running,2018-08-25 16:07:00,Baltimore Running,0.43,43.0,217,132,154,174,180,8:22,4:12,3,43,1.11
570,Running,2018-08-25 10:46:00,Baltimore Running,10.97,883.0,77,139,170,176,204,7:06,4:04,819,834,1.29
571,Running,2018-08-24 10:38:00,Running,2.4,0.0,17,0,0,0,0,7:05,0,0,0,0.0
572,Running,2018-08-24 09:58:00,Baltimore Running,1.85,197.0,15,138,148,172,180,8:28,7:32,155,62,1.1
573,Running,2018-08-24 09:18:00,Baltimore Running,5.46,471.0,28,174,186,184,196,5:15,4:45,65,68,1.67
574,Running,2018-08-23 11:04:00,Wicomico County Running,10.01,771.0,67,137,178,176,192,6:47,5:47,32,34,1.35
575,Running,2018-08-22 16:32:00,Baltimore Running,11.0,865.0,76,139,174,176,202,6:59,3:57,927,922,1.31
576,Running,2018-08-21 16:42:00,Baltimore Running,3.98,329.0,27,137,156,178,190,6:59,6:07,202,195,1.3
577,Running,2018-08-21 11:06:00,Baltimore Running,1.88,190.0,17,130,157,168,176,9:09,7:20,202,208,1.04
578,Running,2018-08-21 10:36:00,Baltimore Running,2.3,217.0,13,176,186,182,194,5:44,4:31,172,172,1.54
579,Running,2018-08-21 10:20:00,Baltimore Running,2.31,204.0,12,172,187,184,198,5:34,4:47,172,172,1.58
580,Running,2018-08-21 09:49:00,Baltimore Running,2.8,233.0,19,137,168,178,194,6:59,1:02,262,266,1.29
581,Running,2018-08-20 09:50:00,Baltimore Running,10.99,888.0,68,154,173,180,194,6:15,4:39,541,542,1.42
582,Running,2018-08-19 09:18:00,Baltimore Running,16.66,1324.0,118,145,167,176,190,7:08,5:52,1000,991,1.28
583,Running,2018-08-18 16:18:00,Baltimore Running,5.05,442.0,35,144,164,176,184,7:02,5:41,259,249,1.3
584,Running,2018-08-18 10:37:00,Baltimore Running,1.32,158.0,12,146,158,168,174,9:09,5:31,196,161,1.05
585,Running,2018-08-18 09:53:00,Baltimore Running,5.95,585.0,35,177,192,180,196,5:53,4:57,297,257,1.52
586,Running,2018-08-18 09:31:00,Baltimore Running,2.07,180.0,14,137,170,178,198,7:11,5:20,214,250,1.26
587,Cardio,2018-08-17 15:08:00,Cardio,0.0,1.0,35,69,77,172,172,0.4,7.9,0,0,0.06
588,Running,2018-08-17 11:29:00,Baltimore Running,2.2,228.0,16,148,161,172,182,7:40,6:34,172,179,1.21
589,Running,2018-08-17 10:21:00,Baltimore Running,7.71,739.0,55,148,167,176,190,7:14,5:59,592,586,1.26
590,Running,2018-08-16 17:00:00,Baltimore Running,10.01,927.0,68,150,168,176,190,6:54,5:35,869,858,1.32
591,Running,2018-08-15 16:50:00,Baltimore Running,11.2,1024.0,78,149,173,176,190,7:01,5:54,984,974,1.3
592,Running,2018-08-14 18:11:00,Baltimore Running,11.06,961.0,68,158,180,180,196,6:12,4:57,580,574,1.45
593,Running,2018-08-13 16:17:00,Cherry Hill Running,17.0,1654.0,120,154,194,174,186,7:04,4:58,470,476,1.31
594,Running,2018-08-12 16:32:00,Cherry Hill Running,3.0,286.0,22,140,157,174,182,7:20,6:30,104,104,1.26
595,Running,2018-08-12 08:06:00,Cherry Hill Running,9.5,802.0,65,141,163,176,186,6:56,5:24,340,340,1.32
596,Running,2018-08-11 12:40:00,Cherry Hill Running,11.0,905.0,78,138,174,174,182,7:08,6:10,317,320,1.29
597,Running,2018-08-10 19:02:00,Cherry Hill Running,8.4,679.0,61,134,154,174,180,7:20,5:53,261,264,1.27
598,Running,2018-08-10 11:36:00,Cherry Hill Running,5.16,493.0,38,141,165,174,182,7:30,6:39,203,207,1.23
599,Running,2018-08-09 19:21:00,Cherry Hill Running,11.01,943.0,79,141,169,174,182,7:11,6:01,494,490,1.29
600,Running,2018-08-08 08:42:00,Exeter Running,3.56,343.0,36,123,154,164,180,10:21,6:40,376,373,0.95
601,Running,2018-08-07 17:40:00,Rye Running,11.07,978.0,81,142,173,174,182,7:19,6:10,128,128,1.27
602,Running,2018-08-06 18:50:00,New Castle Running,12.08,1011.0,86,140,160,174,182,7:08,5:25,394,392,1.3
603,Running,2018-08-05 19:39:00,Cherry Hill Running,10.01,890.0,67,149,171,174,180,6:45,5:34,314,311,1.37
604,Running,2018-08-04 08:49:00,Boulder County Running,8.01,771.0,56,152,176,174,182,7:05,5:09,964,955,1.31
605,Running,2018-08-03 17:06:00,Denver Running,10.03,903.0,68,149,166,174,182,6:48,4:10,194,191,1.35
606,Running,2018-08-02 16:13:00,Denver Running,8.0,733.0,53,153,192,178,196,6:40,1:29,105,105,1.35
607,Running,2018-08-02 10:19:00,Denver Running,4.0,347.0,28,136,155,176,182,7:09,0:47,67,67,1.28
608,Running,2018-08-01 18:34:00,Denver Running,2.92,246.0,20,135,148,174,180,7:03,0:42,42,43,1.31
609,Running,2018-08-01 10:11:00,Denver Running,10.21,906.0,69,148,160,174,182,6:51,1:27,167,167,1.35
610,Running,2018-07-31 10:39:00,Jefferson County Running,10.29,956.0,78,146,171,172,182,7:36,5:43,1203,1521,1.22
611,Running,2018-07-30 19:38:00,Denver Running,9.3,788.0,64,142,160,174,180,6:59,2:44,237,237,1.33
612,Running,2018-07-29 16:05:00,Baltimore Running,3.9,335.0,28,135,154,176,184,7:23,5:44,303,83,1.25
613,Running,2018-07-28 15:27:00,Baltimore Running,4.0,336.0,29,132,146,176,188,7:29,6:18,244,241,1.22
614,Running,2018-07-28 09:06:00,Baltimore Running,9.45,872.0,71,142,166,174,184,7:35,5:05,864,872,1.22
615,Running,2018-07-27 19:06:00,Baltimore Running,9.27,717.0,67,135,154,174,184,7:15,5:43,727,733,1.28
616,Running,2018-07-26 18:41:00,Baltimore Running,12.0,1021.0,84,144,166,176,184,7:04,5:57,622,619,1.3
617,Running,2018-07-25 19:42:00,Baltimore Running,2.73,255.0,20,140,159,174,182,7:38,6:02,284,198,1.22
618,Running,2018-07-25 19:09:00,Baltimore Running,5.0,472.0,28,172,187,180,192,5:47,4:46,447,479,1.53
619,Running,2018-07-25 18:50:00,Baltimore Running,2.22,191.0,15,135,153,176,186,7:04,6:14,220,240,1.28
620,Running,2018-07-24 18:23:00,Baltimore Running,10.07,861.0,72,141,156,174,184,7:10,3:58,657,652,1.28
621,Running,2018-07-23 19:47:00,Baltimore Running,1.72,167.0,12,138,148,168,176,7:33,6:52,29,27,1.27
622,Running,2018-07-23 18:29:00,Baltimore Running,9.31,857.0,57,160,188,178,188,6:09,5:03,426,426,1.48
623,Running,2018-07-23 18:11:00,Baltimore Running,0.28,22.0,132,117,134,176,182,7:48,1:56,35,0,1.17
624,Running,2018-07-22 09:24:00,Ocean City Running,16.0,1395.0,115,143,174,176,184,7:14,5:46,145,145,1.28
625,Running,2018-07-21 18:27:00,Ocean City Running,3.04,231.0,21,129,150,176,184,6:58,4:38,12,12,1.31
626,Running,2018-07-21 08:46:00,Cherry Hill Running,10.0,837.0,71,140,156,176,192,7:09,5:15,221,224,1.28
627,Running,2018-07-20 17:59:00,Baltimore Running,8.0,688.0,56,141,156,174,182,7:05,3:39,433,437,1.31
628,Running,2018-07-19 18:42:00,Baltimore Running,10.01,814.0,75,136,160,172,182,7:32,4:49,884,850,1.24
629,Running,2018-07-18 19:16:00,Baltimore Running,4.49,439.0,34,144,156,174,180,7:40,6:18,193,104,1.21
630,Running,2018-07-18 19:04:00,Baltimore Running,2.01,150.0,10,155,168,182,194,5:14,4:49,16,14,1.69
631,Running,2018-07-18 18:57:00,Baltimore Running,1.01,63.0,315,134,143,186,194,5:13,4:55,10,5,1.66
632,Running,2018-07-18 18:27:00,Baltimore Running,2.51,210.0,18,132,144,174,192,7:11,2:53,110,157,1.29
633,Running,2018-07-17 16:47:00,Baltimore Running,4.09,359.0,28,142,160,172,180,6:57,5:41,246,257,1.34
634,Running,2018-07-17 07:46:00,Baltimore Running,10.0,923.0,76,141,172,174,184,7:37,6:17,693,688,1.22
635,Running,2018-07-15 08:30:00,Running,15.0,0.0,108,0,0,0,0,7:12,0,0,0,0.0
636,Running,2018-07-14 18:16:00,Running,10.5,0.0,77,0,0,0,0,7:20,0,0,0,0.0
637,Running,2018-07-13 19:25:00,Running,8.0,0.0,58,0,0,0,0,7:15,0,0,0,0.0
638,Running,2018-07-12 19:33:00,Baltimore Running,7.97,674.0,59,137,156,174,182,7:27,6:33,610,568,1.24
639,Running,2018-07-12 19:01:00,Baltimore Running,2.16,179.0,15,134,152,174,182,7:08,3:05,96,96,1.3
640,Running,2018-07-11 20:19:00,Baltimore Running,2.08,186.0,15,135,148,172,180,7:39,6:23,119,126,1.23
641,Running,2018-07-11 18:52:00,Baltimore Running,7.43,623.0,56,138,162,176,184,7:36,6:24,772,818,1.21
642,Running,2018-07-10 19:08:00,Baltimore Running,5.17,496.0,41,142,172,172,180,7:58,5:48,405,322,1.17
643,Running,2018-07-10 18:56:00,Baltimore Running,2.01,170.0,10,171,185,182,190,5:20,5:04,14,11,1.66
644,Running,2018-07-10 18:46:00,Baltimore Running,0.33,31.0,141,141,154,174,186,7:16,6:05,0,0,1.27
645,Running,2018-07-10 18:26:00,Baltimore Running,2.51,195.0,16,133,164,176,192,6:39,3:41,107,154,1.37
646,Running,2018-07-09 18:44:00,Baltimore Running,11.0,964.0,79,142,162,174,182,7:11,4:27,926,929,1.29
647,Running,2018-07-08 11:12:00,Baltimore County Running,14.98,1310.0,100,151,175,174,182,6:44,5:22,1088,1077,1.38
648,Running,2018-07-07 11:53:00,Howard County Running,8.48,938.0,72,150,185,170,228,8:36,3:37,1262,1255,1.1
649,Running,2018-07-06 18:08:00,Baltimore Running,6.18,527.0,46,137,156,172,184,7:27,5:28,315,318,1.25
650,Running,2018-07-06 17:39:00,Baltimore Running,1.97,156.0,14,127,148,174,180,7:24,6:10,140,147,1.25
651,Running,2018-07-05 17:45:00,Baltimore Running,7.55,614.0,57,133,156,176,184,7:38,4:38,376,365,1.2
652,Running,2018-07-04 10:29:00,Baltimore Running,9.5,925.0,76,142,161,174,180,8:04,6:16,0,0,1.15
653,Running,2018-07-03 21:14:00,Baltimore Running,5.23,506.0,38,145,158,174,180,7:24,6:06,399,385,1.25
654,Running,2018-07-03 21:05:00,Baltimore Running,1.0,78.0,322,160,175,184,190,5:23,4:55,22,34,1.63
655,Running,2018-07-03 20:57:00,Baltimore Running,1.01,78.0,323,162,186,184,208,5:21,4:42,37,26,1.63
656,Running,2018-07-03 20:26:00,Baltimore Running,2.75,249.0,21,134,164,172,190,7:48,5:07,296,280,1.2
657,Running,2018-07-02 18:23:00,Baltimore Running,8.99,886.0,64,152,167,174,184,7:12,5:00,507,514,1.28
658,Running,2018-07-01 19:13:00,Baltimore Running,13.11,1135.0,94,146,166,172,180,7:12,5:45,804,766,1.3
659,Running,2018-06-30 18:04:00,Baltimore Running,9.0,846.0,64,151,186,172,194,7:07,4:08,540,540,1.31
660,Running,2018-06-29 18:26:00,Baltimore Running,9.14,844.0,63,150,173,174,182,6:56,5:20,573,570,1.34
661,Running,2018-06-28 18:42:00,Baltimore Running,9.99,913.0,74,142,164,170,230,7:30,4:02,462,457,1.26
662,Running,2018-06-27 17:26:00,Baltimore Running,8.94,724.0,64,138,162,174,186,7:14,5:16,819,820,1.29
663,Running,2018-06-27 09:33:00,Baltimore Running,3.01,256.0,23,131,145,174,180,7:41,6:50,186,191,1.21
664,Running,2018-06-26 18:56:00,Baltimore Running,9.0,789.0,66,140,159,172,180,7:22,4:38,671,671,1.27
665,Running,2018-06-25 18:27:00,Baltimore Running,10.02,899.0,69,148,168,174,182,6:56,2:28,719,712,1.34
666,Running,2018-06-24 16:49:00,Baltimore Running,12.01,1112.0,85,151,180,172,182,7:06,2:46,821,835,1.32
667,Running,2018-06-23 16:47:00,Cherry Hill Running,2.0,167.0,15,128,144,172,180,7:45,6:01,91,96,1.2
668,Running,2018-06-22 21:33:00,Cherry Hill Running,8.0,649.0,54,142,163,170,182,6:49,5:43,312,305,1.39
669,Running,2018-06-21 17:04:00,Baltimore Running,9.0,840.0,63,155,172,172,180,7:01,5:33,575,577,1.33
670,Running,2018-06-19 18:56:00,Baltimore Running,9.0,794.0,65,145,179,172,182,7:18,6:05,721,720,1.28
671,Running,2018-06-18 18:31:00,Baltimore Running,8.04,719.0,62,140,160,170,180,7:50,4:57,424,423,1.2
672,Running,2018-06-17 08:17:00,Philadelphia Running,10.92,1006.0,74,157,169,176,182,6:47,5:04,276,281,1.35
673,Running,2018-06-16 19:21:00,Philadelphia Running,7.96,711.0,54,151,168,172,178,6:48,3:02,198,202,1.37
674,Running,2018-06-15 18:38:00,Baltimore Running,7.95,672.0,57,142,160,172,180,7:13,5:54,325,328,1.29
675,Running,2018-06-14 19:01:00,Baltimore Running,8.0,718.0,58,147,170,170,182,7:17,5:50,398,396,1.29
676,Running,2018-06-13 18:16:00,Baltimore Running,8.49,869.0,60,163,183,172,182,7:09,4:47,872,827,1.31
677,Running,2018-06-12 18:44:00,Baltimore Running,7.96,613.0,51,149,170,176,186,6:31,5:34,440,447,1.4
678,Running,2018-06-11 18:28:00,Baltimore Running,6.46,548.0,44,148,171,172,182,6:54,5:52,449,444,1.36
679,Running,2018-06-09 15:50:00,Baltimore Running,6.99,648.0,47,159,186,174,182,6:51,5:41,419,421,1.34
680,Running,2018-06-08 18:15:00,Baltimore Running,7.0,673.0,49,159,177,172,182,7:03,5:54,701,710,1.33
681,Running,2018-06-07 18:16:00,Baltimore Running,6.0,553.0,46,143,163,168,178,7:41,6:40,492,495,1.24
682,Running,2018-06-05 18:36:00,Baltimore Running,5.2,439.0,36,146,163,170,180,7:05,5:39,302,297,1.33
683,Running,2018-06-04 18:41:00,Baltimore Running,6.03,523.0,42,150,168,170,182,7:01,6:02,555,545,1.35
684,Running,2018-06-03 18:09:00,Baltimore Running,7.96,808.0,55,170,184,170,182,6:59,4:34,669,679,1.35
685,Running,2018-06-01 18:37:00,Baltimore Running,6.03,575.0,42,159,175,170,180,7:02,5:39,382,387,1.35
686,Running,2018-05-31 18:37:00,Baltimore Running,5.98,566.0,45,149,175,168,246,7:34,6:05,322,322,1.27
687,Running,2018-05-30 18:30:00,Baltimore Running,4.15,383.0,30,147,164,168,176,7:20,5:54,180,177,1.3
688,Running,2018-05-29 18:53:00,Baltimore Running,4.02,314.0,29,150,173,170,178,7:21,6:16,197,204,1.29
